id;system;planet;moon;rating;rent;renatbility;worth_cycle;status
6051;Q-5211;2;1;Bitumens (R4), Coesite (R4), Zeolites (R4);90175852;6.301555;568248100.0;
6052;Q-5211;3;1;Bitumens (R4), Coesite (R4), Sylvite (R4);87582199;6.428828;563050900.0;
6053;Q-5211;4;1;Bitumens (R4), Coesite (R4), Sylvite (R4);86637623;6.6307583;574473150.0;
6054;Q-5211;4;2;Bitumens (R4), Sylvite (R4), Zeolites (R4);88669009;6.7373505;597394200.0;
6055;Q-5211;5;1;Bitumens (R4), Sylvite (R4);85225532;7.0060706;597096100.0;
6056;Q-5211;5;2;Coesite (R4), Scheelite (R8), Titanite (R8), Zeolites (R4);220909892;3.7321339;824465300.0;
6057;Q-5211;6;1;Coesite (R4), Sylvite (R4), Zeolites (R4);86775492;6.581493;571112260.0;
6058;Q-5211;6;2;Bitumens (R4), Chromite (R16), Titanite (R8);176442773;3.5205357;621173060.0;
6059;Q-5211;6;3;Sylvite (R4), Zeolites (R4);84315265;7.1744037;604911740.0;
6060;Q-5211;7;1;Sylvite (R4), Zeolites (R4);87951319;6.877329;604870140.0;
6061;Q-5211;7;2;Bitumens (R4), Cobaltite (R8), Coesite (R4), Titanite (R8);204401818;4.0681076;831528600.0;Reserved
6062;Q-5211;8;1;Bitumens (R4), Sylvite (R4);85938496;6.9356785;596041800.0;
6063;Q-5211;8;2;Bitumens (R4), Coesite (R4), Zeolites (R4);90835736;6.287733;571150850.0;
6064;Q-5211;8;3;Coesite (R4), Titanite (R8), Zeolites (R4);221738159;3.8437567;852307500.0;
6065;Q-5211;8;4;Coesite (R4), Titanite (R8), Vanadinite (R16);164478639;3.675485;604538750.0;
6066;Q-5211;8;5;Euxenite (R8), Sylvite (R4), Titanite (R8), Zeolites (R4);209926175;3.9892335;837444540.0;
6067;Q-5211;8;6;Coesite (R4), Sylvite (R4), Zeolites (R4);86122832;6.64285;572101060.0;
6068;Q-5211;8;7;Bitumens (R4), Coesite (R4);89818784;6.110136;548805000.0;
6069;Q-5211;8;8;Bitumens (R4), Coesite (R4), Titanite (R8);172867170;4.447791;768877060.0;
6070;Q-5211;8;9;Bitumens (R4), Scheelite (R8), Sylvite (R4), Titanite (R8);218296318;3.8243506;834841660.0;
6071;Q-5211;8;10;Bitumens (R4), Coesite (R4), Sylvite (R4);87619576;6.589539;577372600.0;
6072;Q-5211;8;11;Bitumens (R4), Sylvite (R4);89512481;6.599394;590728100.0;
6073;Q-5211;8;12;Coesite (R4), Sylvite (R4), Zeolites (R4);86921223;6.7271585;584732860.0;
6074;Q-5211;8;13;Bitumens (R4), Coesite (R4), Sylvite (R4);88393149;6.365907;562702600.0;
6075;Q-5211;8;14;Bitumens (R4), Coesite (R4);89072745;6.110809;544306500.0;
6076;Q-5211;8;15;Bitumens (R4), Sylvite (R4);89032405;6.6305614;590334850.0;
6077;Q-5211;8;16;Bitumens (R4), Coesite (R4), Sylvite (R4);88403867;6.4759617;572500030.0;
6078;Q-5211;8;17;Sylvite (R4), Titanite (R8);155819932;5.2028008;810700100.0;
6079;Q-5211;8;18;Coesite (R4), Sylvite (R4), Zeolites (R4);86038622;6.7497478;580739000.0;
6080;Q-5211;8;19;Loparite (R64), Titanite (R8);1914683060;1.4744232;2823053000.0;Alliance owned
6081;Q-5211;8;20;Bitumens (R4), Coesite (R4), Zeolites (R4);90126217;6.270836;565166700.0;
6082;Q-5211;8;21;Sylvite (R4), Zeolites (R4);87326332;6.93734;605812500.0;
6083;Q-5211;8;22;Bitumens (R4), Titanite (R8), Vanadinite (R16);152572774;3.9839287;607839040.0;
6084;Q-5211;8;23;Bitumens (R4), Coesite (R4), Sylvite (R4);86679391;6.636058;575209500.0;
6085;Q-5211;8;24;Bitumens (R4), Coesite (R4), Sylvite (R4);88010404;6.4012065;563372740.0;
6086;Q-5211;9;1;Coesite (R4), Sylvite (R4), Zeolites (R4);86338977;6.746798;582511600.0;
6087;Q-5211;9;2;Bitumens (R4), Sylvite (R4);86114720;6.9055924;594673150.0;
6088;Q-5211;9;3;Bitumens (R4), Euxenite (R8), Sylvite (R4), Titanite (R8);218267180;3.8389182;837909900.0;Reserved
6089;Q-5211;9;4;Bitumens (R4), Coesite (R4), Zeolites (R4);90491320;6.216935;562578700.0;
6090;Q-5211;9;5;Coesite (R4), Titanite (R8), Zeolites (R4);159745454;4.7178907;753661630.0;
6091;Q-5211;9;6;Bitumens (R4), Titanite (R8);197609006;4.181252;826253060.0;
6092;Q-5211;9;7;Coesite (R4), Otavite (R16), Titanite (R8);155839225;3.7217896;580000830.0;
6093;CR-AQH;4;1;Sylvite (R4), Zeolites (R4);87667647;6.911482;605913340.0;
6094;CR-AQH;5;1;Bitumens (R4), Coesite (R4), Sylvite (R4);86931015;6.579613;571972500.0;
6095;CR-AQH;6;1;Bitumens (R4), Coesite (R4), Zeolites (R4);90375682;6.270522;566702700.0;
6096;CR-AQH;7;1;Bitumens (R4), Titanite (R8), Vanadinite (R16);258441851;3.2543707;841065600.0;
6097;CR-AQH;7;2;Bitumens (R4), Sylvite (R4), Zeolites (R4);88623608;6.742745;597566400.0;
6098;CR-AQH;7;3;Bitumens (R4), Coesite (R4);88995776;6.098986;542784000.0;
6099;CR-AQH;7;4;Bitumens (R4), Sylvite (R4), Zeolites (R4);88858615;6.73718;598656500.0;
6100;CR-AQH;7;5;Bitumens (R4), Sylvite (R4);86560504;6.875063;595108900.0;
6101;CR-AQH;7;6;Bitumens (R4), Coesite (R4);89560666;6.098495;546185300.0;
6102;CR-AQH;7;7;Bitumens (R4), Sylvite (R4), Zeolites (R4);89268940;6.6546755;594055900.0;
6103;CR-AQH;7;8;Bitumens (R4), Coesite (R4), Zeolites (R4);90032427;6.3013344;567324400.0;
6104;CR-AQH;7;9;Coesite (R4), Titanite (R8), Zeolites (R4);169139192;4.5650687;772132030.0;
6105;CR-AQH;7;10;Coesite (R4), Sylvite (R4), Zeolites (R4);85763677;6.815042;584483100.0;
6106;CR-AQH;7;11;Bitumens (R4), Sylvite (R4);89964869;6.5585556;590039600.0;
6107;CR-AQH;7;12;Bitumens (R4), Coesite (R4);88918071;6.0993805;542345150.0;
6108;CR-AQH;7;13;Bitumens (R4), Coesite (R4);91708088;6.0968657;559131900.0;
6109;CR-AQH;7;14;Otavite (R16), Titanite (R8), Ytterbite (R64);534421624;1.7402409;930022400.0;Alliance owned
6110;CR-AQH;7;15;Bitumens (R4), Sylvite (R4);89793596;6.5616965;589198340.0;
6111;CR-AQH;7;16;Coesite (R4), Zeolites (R4);89669205;6.431189;576679600.0;
6112;CR-AQH;8;1;Cobaltite (R8), Coesite (R4), Sylvite (R4), Titanite (R8);201698319;4.1496105;836969500.0;
6113;CR-AQH;8;2;Bitumens (R4), Sylvite (R4);89485342;6.60186;590769700.0;
6114;CR-AQH;8;3;Bitumens (R4), Sylvite (R4), Zeolites (R4);89005069;6.729902;598995400.0;
6115;CR-AQH;8;4;Bitumens (R4), Coesite (R4), Zeolites (R4);91234568;6.24384;569654100.0;
6116;CR-AQH;8;5;Bitumens (R4), Sylvite (R4);86133424;6.9036226;594632640.0;
6117;CR-AQH;8;6;Bitumens (R4), Coesite (R4), Zeolites (R4);90604872;6.2180433;563385000.0;
6118;CR-AQH;8;7;Coesite (R4), Sylvite (R4), Zeolites (R4);86679264;6.5997458;572061100.0;
6119;CR-AQH;8;8;Coesite (R4), Titanite (R8), Zeolites (R4);176806559;4.5098596;797372740.0;
6120;CR-AQH;8;9;Sylvite (R4), Titanite (R8), Zeolites (R4);168463635;4.8519735;817381060.0;
6121;CR-AQH;8;10;Bitumens (R4), Sylvite (R4), Zeolites (R4);88511212;6.777984;599927600.0;
6122;CR-AQH;8;11;Bitumens (R4), Coesite (R4), Sylvite (R4);88755631;6.376771;565974340.0;
6123;CR-AQH;8;12;Bitumens (R4), Sylvite (R4), Zeolites (R4);88560036;6.7286625;595890560.0;
6124;CR-AQH;8;13;Sylvite (R4), Titanite (R8), Vanadinite (R16);235744636;3.463379;816473000.0;
6125;CR-AQH;8;14;Coesite (R4), Sylvite (R4), Zeolites (R4);85883045;6.7899704;583143360.0;
6126;CR-AQH;8;15;Bitumens (R4), Coesite (R4);88804578;6.110729;542660740.0;
6127;CR-AQH;8;16;Bitumens (R4), Coesite (R4), Sylvite (R4);87265011;6.5582695;572307460.0;
6128;CR-AQH;8;17;Bitumens (R4), Coesite (R4);89003374;6.1106415;543867700.0;
6129;M-YCD4;1;1;Coesite (R4), Otavite (R16), Sperrylite (R16);514825683;2.6653337;1372182300.0;Alliance owned
6130;M-YCD4;1;2;Bitumens (R4), Coesite (R4), Sylvite (R4), Titanite (R8);166525017;4.7069926;783832060.0;
6131;M-YCD4;1;3;Coesite (R4), Sylvite (R4), Zeolites (R4);86353506;6.6376867;573187500.0;
6132;M-YCD4;1;4;Bitumens (R4), Sylvite (R4), Zeolites (R4);88583530;6.75613;598481860.0;
6133;M-YCD4;1;5;Coesite (R4), Zeolites (R4);88382366;6.3352714;559926300.0;
6134;M-YCD4;1;6;Bitumens (R4), Coesite (R4);91488211;6.1077847;558790300.0;
6135;M-YCD4;1;7;Bitumens (R4), Sylvite (R4);90065359;6.537395;588792800.0;
6136;M-YCD4;1;8;Bitumens (R4), Coesite (R4), Zeolites (R4);91056366;6.208275;565303000.0;
6137;M-YCD4;1;9;Bitumens (R4), Coesite (R4), Titanite (R8);191901937;4.1417565;794811140.0;
6138;M-YCD4;1;10;Coesite (R4), Sylvite (R4), Zeolites (R4);86831928;6.600982;573176000.0;
6139;M-YCD4;1;11;Bitumens (R4), Cobaltite (R8), Sylvite (R4), Titanite (R8);207359509;4.1182756;853963600.0;
6140;M-YCD4;1;12;Bitumens (R4), Coesite (R4), Sylvite (R4);88109444;6.3647537;560794900.0;
6141;M-YCD4;1;13;Coesite (R4), Zeolites (R4);89053261;6.386003;568694400.0;
6142;M-YCD4;1;14;Coesite (R4), Titanite (R8), Zeolites (R4);179891415;4.40814;792986560.0;
6143;M-YCD4;1;15;Bitumens (R4), Coesite (R4), Zeolites (R4);90200788;6.3088546;569063600.0;
6144;M-YCD4;1;16;Bitumens (R4), Coesite (R4), Sylvite (R4);88340968;6.401346;565501100.0;
6145;M-YCD4;2;1;Bitumens (R4), Coesite (R4), Otavite (R16), Titanite (R8);321492659;3.0911396;993778700.0;
6146;M-YCD4;3;1;Bitumens (R4), Coesite (R4), Zeolites (R4);90860327;6.216137;564800260.0;
6147;M-YCD4;3;2;Bitumens (R4), Coesite (R4), Sylvite (R4);87800717;6.5761223;577388300.0;
6148;M-YCD4;3;3;Coesite (R4), Sylvite (R4), Zeolites (R4);86004078;6.8074923;585472100.0;
6149;M-YCD4;3;4;Bitumens (R4), Sylvite (R4);86817597;6.83754;593618800.0;
6150;M-YCD4;3;5;Coesite (R4), Sylvite (R4), Zeolites (R4);86584420;6.6631665;576926400.0;
6151;M-YCD4;3;6;Coesite (R4), Titanite (R8), Zeolites (R4);171578752;4.6582417;799255300.0;
6152;M-YCD4;3;7;Bitumens (R4), Sylvite (R4), Zeolites (R4);88783749;6.7190537;596542800.0;
6153;M-YCD4;3;8;Bitumens (R4), Coesite (R4), Sylvite (R4);87695961;6.588804;577811460.0;
6154;M-YCD4;3;9;Bitumens (R4), Coesite (R4), Zeolites (R4);90055034;6.2870755;566182800.0;
6155;M-YCD4;3;10;Bitumens (R4), Sylvite (R4), Zeolites (R4);88938499;6.689229;594930000.0;
6156;M-YCD4;3;11;Bitumens (R4), Sylvite (R4), Zeolites (R4);89082390;6.728791;599416800.0;
6157;M-YCD4;3;12;Bitumens (R4), Cobaltite (R8), Coesite (R4), Titanite (R8);212938598;3.9406607;839118700.0;
6158;M-YCD4;3;13;Bitumens (R4), Chromite (R16), Titanite (R8);182179993;3.446253;627838400.0;
6159;M-YCD4;3;14;Bitumens (R4), Coesite (R4), Zeolites (R4);90572438;6.293378;570006600.0;
6160;M-YCD4;3;15;Bitumens (R4), Sylvite (R4), Zeolites (R4);88709483;6.7491574;598714240.0;
6161;M-YCD4;3;16;Bitumens (R4), Coesite (R4);88702115;6.0993857;541028400.0;
6162;M-YCD4;3;17;Sylvite (R4), Zeolites (R4);84036407;7.183771;603698300.0;
6163;M-YCD4;3;18;Coesite (R4), Sylvite (R4), Zeolites (R4);85475904;6.817261;582711550.0;
6164;M-YCD4;3;19;Bitumens (R4), Coesite (R4);92180078;6.107161;562958600.0;
6165;M-YCD4;3;20;Sylvite (R4), Zeolites (R4);85290629;7.095744;605200500.0;
6166;M-YCD4;3;21;Coesite (R4), Zeolites (R4);89238885;6.388123;570069000.0;
6167;M-YCD4;4;1;Titanite (R8), Vanadinite (R16), Zeolites (R4);146594141;4.219858;618606500.0;
6168;M-YCD4;4;2;Bitumens (R4), Sylvite (R4);90501425;6.4987264;588144000.0;
6169;M-YCD4;5;1;Sylvite (R4), Titanite (R8), Vanadinite (R16);157592706;4.0324135;635478900.0;
6170;M-YCD4;5;2;Bitumens (R4), Sylvite (R4);89392554;6.6100626;590890400.0;
6171;G-M4I8;3;1;Coesite (R4), Sylvite (R4), Zeolites (R4);86657874;6.633713;574863400.0;
6172;G-M4I8;4;1;Bitumens (R4), Sylvite (R4), Zeolites (R4);87885685;6.7950797;597190300.0;
6173;G-M4I8;5;1;Coesite (R4), Scheelite (R8), Titanite (R8);216097285;3.6522632;789244160.0;
6174;G-M4I8;6;1;Bitumens (R4), Coesite (R4), Zeolites (R4);90161940;6.308309;568769340.0;
6175;G-M4I8;6;2;Bitumens (R4), Sylvite (R4), Titanite (R8);175282478;4.599892;806280500.0;
6176;G-M4I8;6;3;Coesite (R4), Zeolites (R4);89857496;6.445581;579183740.0;
6177;G-M4I8;6;4;Coesite (R4), Sylvite (R4), Zeolites (R4);86573983;6.729285;582581000.0;
6178;G-M4I8;7;1;Bitumens (R4), Coesite (R4), Zeolites (R4);90488988;6.2782464;568112200.0;
6179;G-M4I8;7;2;Bitumens (R4), Sylvite (R4), Zeolites (R4);88500741;6.7474113;597150900.0;
6180;G-M4I8;8;1;Coesite (R4), Zeolites (R4);88045463;6.309722;555542400.0;
6181;G-M4I8;8;2;Bitumens (R4), Sperrylite (R16), Zeolites (R4);263608812;3.3635874;886671300.0;
6182;G-M4I8;8;3;Bitumens (R4), Coesite (R4), Sylvite (R4);86911716;6.6051817;574067650.0;
6183;G-M4I8;8;4;Coesite (R4), Titanite (R8), Vanadinite (R16);166952066;3.672482;613128450.0;
6184;G-M4I8;8;5;Bitumens (R4), Coesite (R4);91684066;6.107901;559997200.0;
6185;G-M4I8;9;1;Coesite (R4), Otavite (R16), Titanite (R8);161037111;3.644313;586869600.0;
6186;G-M4I8;9;2;Bitumens (R4), Coesite (R4), Sylvite (R4);87912650;6.3664484;559691300.0;
6187;G-M4I8;9;3;Bitumens (R4), Titanite (R8), Zeolites (R4);200871823;4.170029;837641340.0;
6188;G-M4I8;9;4;Bitumens (R4), Sylvite (R4), Zeolites (R4);88894018;6.6990438;595504900.0;
6189;G-M4I8;9;5;Sylvite (R4), Zeolites (R4);84686320;7.1309476;603893700.0;
6190;G-M4I8;9;6;Bitumens (R4), Coesite (R4), Sylvite (R4);88416677;6.403769;566200000.0;
6191;G-M4I8;10;1;Bitumens (R4), Sylvite (R4), Zeolites (R4);88762296;6.7387266;598144830.0;
6192;G-M4I8;10;2;Coesite (R4), Zeolites (R4);89887153;6.436112;578523800.0;
6193;G-M4I8;10;3;Bitumens (R4), Coesite (R4);89319586;6.098997;544759900.0;
6194;G-M4I8;10;4;Bitumens (R4), Sylvite (R4);90329235;6.5262537;589511500.0;
6195;G-M4I8;10;5;Chromite (R16), Coesite (R4), Otavite (R16), Titanite (R8);432462572;2.577006;1114458600.0;Alliance owned
6196;G-M4I8;10;6;Sylvite (R4), Zeolites (R4);84354353;7.1712174;604923400.0;
6197;G-M4I8;12;1;Sylvite (R4), Titanite (R8);177933941;4.683581;833368000.0;
6198;G-M4I8;12;2;Bitumens (R4), Chromite (R16), Sylvite (R4);215151444;3.419692;735751700.0;
6199;G-M4I8;12;3;Coesite (R4), Zeolites (R4);89451419;6.415331;573860400.0;
6200;G-M4I8;12;4;Bitumens (R4), Sylvite (R4);89875565;6.5543694;589077700.0;
6201;93PI-4;2;1;Chromite (R16), Coesite (R4), Titanite (R8);179147411;3.3728864;604243840.0;
6202;93PI-4;3;1;Sylvite (R4), Zeolites (R4);84333818;7.1728883;604917060.0;
6203;93PI-4;4;1;Bitumens (R4), Sylvite (R4), Zeolites (R4);88329227;6.7509885;596309570.0;
6204;93PI-4;4;2;Bitumens (R4), Coesite (R4), Zeolites (R4);90596204;6.2620234;567315600.0;
6205;93PI-4;4;3;Bitumens (R4), Sylvite (R4);86182385;6.9118156;595676740.0;
6206;93PI-4;4;4;Coesite (R4), Sylvite (R4), Titanite (R8);187253548;4.281369;801701600.0;Alliance owned
6207;93PI-4;4;5;Sylvite (R4), Zeolites (R4);87813944;6.9004583;605956500.0;
6208;93PI-4;4;6;Sylvite (R4), Titanite (R8), Zeolites (R4);174254382;4.743793;826626700.0;
6209;93PI-4;4;7;Bitumens (R4), Coesite (R4), Sylvite (R4);88485675;6.3822513;564737800.0;
6210;93PI-4;4;8;Coesite (R4), Sylvite (R4), Zeolites (R4);87270051;6.56936;573308350.0;
6211;93PI-4;4;9;Coesite (R4), Sylvite (R4), Zeolites (R4);86875064;6.564403;570282940.0;
6212;93PI-4;4;10;Coesite (R4), Sylvite (R4), Zeolites (R4);85526050;6.847446;585635000.0;
6213;93PI-4;4;11;Coesite (R4), Zeolites (R4);87559221;6.2732344;549279550.0;
6214;93PI-4;4;12;Bitumens (R4), Sylvite (R4), Zeolites (R4);88717723;6.7523494;599053060.0;
6215;93PI-4;4;13;Bitumens (R4), Sylvite (R4);89713461;6.5689244;589320960.0;
6216;93PI-4;5;1;Bitumens (R4), Sylvite (R4), Zeolites (R4);89157623;6.718353;598992400.0;
6217;93PI-4;5;2;Coesite (R4), Sylvite (R4), Titanite (R8);178255708;4.431212;789888830.0;
6218;93PI-4;5;3;Sylvite (R4), Zeolites (R4);87863371;6.89673;605969900.0;
6219;93PI-4;5;4;Bitumens (R4), Coesite (R4), Zeolites (R4);90059611;6.2733817;564978300.0;
6220;93PI-4;5;5;Bitumens (R4), Coesite (R4), Titanite (R8);167961001;4.5896654;770884800.0;
6221;93PI-4;5;6;Bitumens (R4), Sylvite (R4);85453468;6.9704194;595646500.0;
6222;93PI-4;5;7;Bitumens (R4), Coesite (R4), Sylvite (R4);86718995;6.660982;577633660.0;
6223;93PI-4;5;8;Sylvite (R4), Zeolites (R4);87598109;6.9167414;605893500.0;
6224;93PI-4;5;9;Bitumens (R4), Sylvite (R4), Zeolites (R4);89070158;6.731789;599601540.0;
6225;93PI-4;5;10;Bitumens (R4), Sylvite (R4), Zeolites (R4);88486733;6.7405987;596453570.0;
6226;93PI-4;5;11;Sylvite (R4), Zeolites (R4);87077783;6.9562635;605736000.0;
6227;93PI-4;5;12;Bitumens (R4), Coesite (R4), Sylvite (R4);86918283;6.6076484;574325440.0;
6228;93PI-4;5;13;Bitumens (R4), Sylvite (R4), Zeolites (R4);88844062;6.7152233;596607740.0;
6229;93PI-4;5;14;Bitumens (R4), Coesite (R4);92003097;6.096398;560887500.0;
6230;93PI-4;5;15;Bitumens (R4), Sylvite (R4);89292064;6.6193285;591053500.0;
6231;93PI-4;5;16;Coesite (R4), Sylvite (R4), Zeolites (R4);86884728;6.597803;573248300.0;
6232;93PI-4;5;17;Bitumens (R4), Coesite (R4), Titanite (R8);171168044;4.452951;762202940.0;
6233;93PI-4;5;18;Bitumens (R4), Coesite (R4), Zeolites (R4);90541041;6.21522;562732500.0;
6234;93PI-4;5;19;Chromite (R16), Titanite (R8), Zeolites (R4);167024925;3.7427611;625134400.0;
6235;93PI-4;5;20;Sylvite (R4), Zeolites (R4);87846942;6.885142;604838660.0;
6236;93PI-4;5;21;Titanite (R8), Vanadinite (R16), Zeolites (R4);156509637;4.024385;629855040.0;
6237;93PI-4;5;22;Bitumens (R4), Sylvite (R4), Zeolites (R4);88709027;6.743158;598178940.0;
6238;93PI-4;6;1;Bitumens (R4), Sylvite (R4), Titanite (R8);163256149;4.946369;807525100.0;
6239;R-2R0G;2;1;Coesite (R4), Zeolites (R4);89143689;6.3808837;568815500.0;
6240;R-2R0G;3;1;Bitumens (R4), Coesite (R4), Sylvite (R4);87134303;6.5734444;572772500.0;
6241;R-2R0G;3;2;Otavite (R16), Sperrylite (R16), Titanite (R8), Zeolites (R4);509413490;2.6675043;1358862700.0;Alliance owned
6242;R-2R0G;4;1;Bitumens (R4), Coesite (R4), Sylvite (R4);88829545;6.3873353;567384060.0;
6243;R-2R0G;4;2;Coesite (R4), Sylvite (R4), Zeolites (R4);85544951;6.8001366;581717400.0;
6244;R-2R0G;5;1;Coesite (R4), Zeolites (R4);89708318;6.4227624;576175200.0;
6245;R-2R0G;6;1;Titanite (R8), Zeolites (R4);176271995;4.6772146;824462000.0;
6246;R-2R0G;6;2;Coesite (R4), Titanite (R8), Zeolites (R4);196928224;4.1903367;825195500.0;
6247;R-2R0G;6;3;Bitumens (R4), Coesite (R4), Sylvite (R4);88689948;6.359268;564003200.0;
6248;R-2R0G;6;4;Bitumens (R4), Coesite (R4);89343608;6.098573;544868540.0;
6249;R-2R0G;6;5;Sylvite (R4), Zeolites (R4);85160618;7.106146;605163800.0;
6250;R-2R0G;6;6;Coesite (R4), Sylvite (R4), Zeolites (R4);87036506;6.5668364;571554500.0;
6251;R-2R0G;6;7;Coesite (R4), Vanadinite (R16);262751007;3.5657077;936893300.0;
6252;R-2R0G;6;8;Coesite (R4), Sylvite (R4), Zeolites (R4);86539028;6.588728;570182100.0;
6253;R-2R0G;6;9;Coesite (R4), Sylvite (R4), Zeolites (R4);86528796;6.6707754;577214200.0;
6254;R-2R0G;6;10;Bitumens (R4), Coesite (R4), Zeolites (R4);90596182;6.294657;570271940.0;
6255;R-2R0G;6;11;Bitumens (R4), Coesite (R4), Zeolites (R4);90310149;6.2744193;566643800.0;
6256;R-2R0G;6;12;Bitumens (R4), Coesite (R4), Zeolites (R4);90870142;6.21719;564956900.0;
6257;R-2R0G;6;13;Coesite (R4), Sylvite (R4), Zeolites (R4);86740910;6.6375756;575749400.0;
6258;R-2R0G;6;14;Bitumens (R4), Coesite (R4), Sylvite (R4);86652923;6.640322;575403300.0;
6259;R-2R0G;6;15;Bitumens (R4), Coesite (R4), Sylvite (R4);87632042;6.449393;565173440.0;
6260;R-2R0G;6;16;Coesite (R4), Zeolites (R4);87535705;6.2713404;548966200.0;
6261;R-2R0G;6;17;Bitumens (R4), Sylvite (R4);85857811;6.9436016;596162400.0;
6262;R-2R0G;6;18;Bitumens (R4), Sylvite (R4);90474652;6.501097;588184500.0;
6263;R-2R0G;6;19;Bitumens (R4), Coesite (R4), Sylvite (R4);88709138;6.3995156;567695500.0;
6264;R-2R0G;6;20;Bitumens (R4), Coesite (R4);88780188;6.1111836;542552060.0;
6265;R-2R0G;6;21;Sylvite (R4), Zeolites (R4);87566668;6.919092;605881860.0;
6266;R-2R0G;8;1;Bitumens (R4), Coesite (R4);91898796;6.107945;561312830.0;
6267;R-2R0G;8;2;Sylvite (R4), Zeolites (R4);84668192;7.1323986;603887300.0;
6268;R-2R0G;8;3;Coesite (R4), Sylvite (R4), Zeolites (R4);86130211;6.6352286;571493600.0;
6269;R-2R0G;8;4;Bitumens (R4), Sylvite (R4), Titanite (R8);169669450;4.7405095;804319700.0;
6270;R-2R0G;8;5;Sylvite (R4), Zeolites (R4);84768887;7.1242976;603918800.0;
6271;R-2R0G;8;6;Bitumens (R4), Sylvite (R4);89899770;6.5521426;589036100.0;
6272;R-2R0G;8;7;Bitumens (R4), Coesite (R4);89594740;6.0986357;546405600.0;
6273;R-2R0G;8;8;Bitumens (R4), Coesite (R4), Sylvite (R4);87465075;6.544227;572391300.0;
6274;R-2R0G;8;9;Bitumens (R4), Coesite (R4);89130350;6.1105633;544636700.0;
6275;R-2R0G;9;1;Bitumens (R4), Sylvite (R4);90708272;6.492735;588944800.0;
6276;R-2R0G;9;2;Bitumens (R4), Sylvite (R4), Zeolites (R4);88134678;6.7873597;598201800.0;
6277;WW-KGD;2;1;Bitumens (R4), Sylvite (R4), Zeolites (R4);88517633;6.7279058;595538300.0;
6278;WW-KGD;3;1;Coesite (R4), Zeolites (R4);89675105;6.4198933;575704600.0;
6279;WW-KGD;4;1;Bitumens (R4), Coesite (R4), Sylvite (R4);87308217;6.588734;575250600.0;
6280;WW-KGD;4;2;Bitumens (R4), Coesite (R4), Zeolites (R4);90184195;6.267161;565198850.0;
6281;WW-KGD;5;1;Sylvite (R4), Zeolites (R4);87764234;6.8913517;604814200.0;
6282;WW-KGD;5;2;Bitumens (R4), Sylvite (R4);89968719;6.558275;590039600.0;
6283;WW-KGD;6;1;Bitumens (R4), Coesite (R4), Titanite (R8), Zeolites (R4);169529786;4.602052;780184960.0;Alliance owned
6284;WW-KGD;6;2;Sylvite (R4), Zeolites (R4);87535228;6.921504;605875460.0;
6285;XQ-PXU;4;1;Bitumens (R4), Sylvite (R4), Zeolites (R4);88747903;6.7297916;597254900.0;
6286;XQ-PXU;5;1;Coesite (R4), Zeolites (R4);89246724;6.400231;571199600.0;
6287;XQ-PXU;5;2;Sylvite (R4), Zeolites (R4);84973392;7.121124;605106050.0;
6288;XQ-PXU;5;3;Bitumens (R4), Sylvite (R4);89823670;6.559049;589157900.0;
6289;XQ-PXU;5;4;Bitumens (R4), Coesite (R4), Zeolites (R4);90766016;6.281398;570137500.0;
6290;XQ-PXU;5;5;Bitumens (R4), Sylvite (R4);85996809;6.9169483;594835460.0;
6291;XQ-PXU;6;1;Bitumens (R4), Coesite (R4), Zeolites (R4);90722021;6.21042;563421900.0;
6292;XQ-PXU;6;2;Coesite (R4), Sylvite (R4), Titanite (R8), Zeolites (R4);194648719;4.2420006;825700000.0;Alliance owned
6293;MQ-NPY;1;1;Sylvite (R4), Zeolites (R4);86730945;6.9698954;604505600.0;
6294;MQ-NPY;2;1;Coesite (R4), Zeolites (R4);89748481;6.4377103;577774700.0;
6295;MQ-NPY;3;1;Bitumens (R4), Sylvite (R4);86153962;6.914566;595717250.0;
6296;MQ-NPY;3;2;Sylvite (R4), Zeolites (R4);85957112;7.0430813;605402940.0;
6297;MQ-NPY;3;3;Bitumens (R4), Coesite (R4), Zeolites (R4);90448325;6.288267;568763260.0;
6298;MQ-NPY;3;4;Bitumens (R4), Chromite (R16), Coesite (R4);318543353;2.9922628;953165440.0;
6299;MQ-NPY;3;5;Bitumens (R4), Coesite (R4), Sylvite (R4);87852093;6.546304;575106560.0;
6300;MQ-NPY;3;6;Coesite (R4), Titanite (R8), Zeolites (R4);202128176;4.050763;818773400.0;
6301;MQ-NPY;3;7;Bitumens (R4), Sylvite (R4);86111419;6.905857;594673150.0;
6302;MQ-NPY;3;8;Cobaltite (R8), Titanite (R8), Zeolites (R4);213709166;4.059144;867476300.0;
6303;MQ-NPY;3;9;Bitumens (R4), Pollucite (R32), Sylvite (R4), Zeolites (R4);293488051;3.0275536;888550850.0;Alliance owned
6304;MQ-NPY;3;10;Bitumens (R4), Otavite (R16), Titanite (R8);171728822;3.643862;625756100.0;
6305;MQ-NPY;3;11;Bitumens (R4), Sylvite (R4), Titanite (R8), Zeolites (R4);168581108;4.7904954;807587000.0;
6306;MQ-NPY;3;12;Coesite (R4), Sylvite (R4), Zeolites (R4);86848805;6.6409063;576754800.0;
6307;MQ-NPY;3;13;Sylvite (R4), Zeolites (R4);88434682;6.8413754;605014850.0;
6308;MQ-NPY;3;14;Bitumens (R4), Coesite (R4);91921716;6.107617;561422600.0;
6309;MQ-NPY;3;15;Bitumens (R4), Sylvite (R4);85834155;6.93289;595078700.0;
6310;MQ-NPY;3;16;Bitumens (R4), Coesite (R4);91676467;6.096586;558913500.0;
6311;MQ-NPY;3;17;Bitumens (R4), Sylvite (R4);86026883;6.9140687;594795800.0;
6312;MQ-NPY;3;18;Coesite (R4), Zeolites (R4);89945095;6.4514985;580280640.0;
6313;MQ-NPY;4;1;Sylvite (R4), Zeolites (R4);84714220;7.142028;605031360.0;
6314;MQ-NPY;4;2;Bitumens (R4), Sylvite (R4);87086976;6.8246427;594337500.0;
6315;MQ-NPY;5;1;Bitumens (R4), Coesite (R4);88968812;6.11056;543649300.0;
6316;MQ-NPY;5;2;Bitumens (R4), Vanadinite (R16), Zeolites (R4);215423367;3.6944966;795880900.0;
6317;MQ-NPY;5;3;Sylvite (R4), Zeolites (R4);84981039;7.107254;603981800.0;
6318;MQ-NPY;5;4;Coesite (R4), Sylvite (R4), Titanite (R8);177580697;4.4316444;786974500.0;
6319;MQ-NPY;5;5;Coesite (R4), Titanite (R8), Zeolites (R4);168970582;4.7169704;797029250.0;
6320;MQ-NPY;5;6;Bitumens (R4), Sylvite (R4);90963164;6.4581695;587455550.0;
6321;MQ-NPY;5;7;Bitumens (R4), Coesite (R4), Zeolites (R4);89978432;6.2825074;565290200.0;
6322;MQ-NPY;5;8;Coesite (R4), Sylvite (R4), Zeolites (R4);87140062;6.6050267;575562430.0;
6323;MQ-NPY;5;9;Bitumens (R4), Otavite (R16), Zeolites (R4);377712970;2.9282248;1106028400.0;
6324;MQ-NPY;5;10;Bitumens (R4), Sylvite (R4);89512665;6.5993805;590728100.0;
6325;MQ-NPY;5;11;Bitumens (R4), Coesite (R4), Zeolites (R4);90901594;6.236724;566928100.0;
6326;MQ-NPY;5;12;Bitumens (R4), Coesite (R4);89081692;6.0992613;543332540.0;
6327;MQ-NPY;5;13;Bitumens (R4), Sylvite (R4);86906167;6.8416405;594580740.0;
6328;MQ-NPY;5;14;Bitumens (R4), Coesite (R4), Zeolites (R4);90865667;6.221282;565300900.0;
6329;MQ-NPY;5;15;Bitumens (R4), Titanite (R8), Zeolites (R4);190462137;4.33708;826049540.0;
6330;MQ-NPY;5;16;Bitumens (R4), Sylvite (R4);86400969;6.8905635;595351360.0;
6331;MQ-NPY;5;17;Bitumens (R4), Sylvite (R4);86052739;6.9115205;594755260.0;
6332;MQ-NPY;5;18;Chromite (R16), Sylvite (R4), Titanite (R8);452817935;2.5147824;1138738600.0;
6333;MQ-NPY;5;19;Coesite (R4), Zeolites (R4);90146639;6.466603;582942500.0;
6334;MQ-NPY;5;20;Chromite (R16), Coesite (R4), Titanite (R8);175657730;3.4044135;598011500.0;
6335;MQ-NPY;5;21;Bitumens (R4), Coesite (R4), Zeolites (R4);90466853;6.202649;561134140.0;
6336;MQ-NPY;5;22;Bitumens (R4), Coesite (R4), Zeolites (R4);90571594;6.27275;568132900.0;
6337;MQ-NPY;5;23;Bitumens (R4), Sylvite (R4);90132291;6.5436745;589796350.0;
6338;MQ-NPY;5;24;Bitumens (R4), Coesite (R4), Zeolites (R4);90391445;6.232916;563402300.0;
6339;RQH-MY;1;1;Coesite (R4), Sperrylite (R16), Titanite (R8), Zeolites (R4);309202292;3.3886945;1047792100.0;Reserved
6340;RQH-MY;2;1;Bitumens (R4), Coesite (R4), Zeolites (R4);90702826;6.259162;567723650.0;
6341;RQH-MY;3;1;Bitumens (R4), Coesite (R4);91126283;6.097275;555621950.0;
6342;RQH-MY;3;2;Sylvite (R4), Titanite (R8), Zeolites (R4);178315781;4.6525235;829618370.0;
6343;RQH-MY;3;3;Coesite (R4), Sylvite (R4), Zeolites (R4);85650614;6.85043;586743550.0;
6344;RQH-MY;3;4;Bitumens (R4), Coesite (R4), Otavite (R16), Sylvite (R4);350994320;3.0025306;1053871170.0;
6345;RQH-MY;3;5;Coesite (R4), Zeolites (R4);87948731;6.3024096;554288900.0;
6346;RQH-MY;3;6;Coesite (R4), Sylvite (R4), Zeolites (R4);86186753;6.7350993;580476350.0;
6347;RQH-MY;3;7;Bitumens (R4), Sylvite (R4), Zeolites (R4);89000717;6.7084208;597054300.0;
6348;RQH-MY;3;8;Coesite (R4), Zeolites (R4);89271936;6.4019203;571511800.0;
6349;RQH-MY;3;9;Sylvite (R4), Zeolites (R4);88291500;6.851981;604971700.0;
6350;RQH-MY;3;10;Coesite (R4), Sylvite (R4), Zeolites (R4);87165527;6.611932;576332540.0;
6351;RQH-MY;3;11;Bitumens (R4), Coesite (R4);91235854;6.097168;556280300.0;
6352;RQH-MY;3;12;Bitumens (R4), Sylvite (R4), Zeolites (R4);88554117;6.7401295;596866240.0;
6353;RQH-MY;3;13;Coesite (R4), Sylvite (R4), Zeolites (R4);86182470;6.765585;583074800.0;
6354;RQH-MY;3;14;Coesite (R4), Sylvite (R4), Zeolites (R4);86881375;6.6367736;576612030.0;
6355;RQH-MY;3;15;Sylvite (R4), Zeolites (R4);85340906;7.0785484;604089700.0;
6356;RQH-MY;3;16;Coesite (R4), Zeolites (R4);89552514;6.411198;574138900.0;
6357;RQH-MY;3;17;Bitumens (R4), Coesite (R4), Sylvite (R4);87036886;6.6469297;578528060.0;
6358;RQH-MY;3;18;Coesite (R4), Titanite (R8), Zeolites (R4);169243677;4.55114;770251650.0;
6359;RQH-MY;3;19;Bitumens (R4), Coesite (R4);89142606;6.0987973;543662700.0;
6360;RQH-MY;3;20;Bitumens (R4), Coesite (R4), Zeolites (R4);91049647;6.2284913;567101950.0;
6361;RQH-MY;3;21;Bitumens (R4), Coesite (R4);91753927;6.108033;560436030.0;
6362;RQH-MY;4;1;Bitumens (R4), Coesite (R4), Titanite (R8), Zeolites (R4);169547836;4.6216993;783599100.0;
6363;RQH-MY;4;2;Cobaltite (R8), Coesite (R4), Sylvite (R4), Titanite (R8);201683756;4.14791;836566140.0;
6364;RQH-MY;4;3;Coesite (R4), Zeolites (R4);88057504;6.310626;555698000.0;
6365;RQH-MY;4;4;Bitumens (R4), Sylvite (R4), Zeolites (R4);87976733;6.817905;599817000.0;
6366;RQH-MY;4;5;Coesite (R4), Sylvite (R4), Zeolites (R4);85817619;6.79668;583274900.0;
6367;RQH-MY;4;6;Bitumens (R4), Coesite (R4), Zeolites (R4);90242431;6.2667623;565527900.0;
6368;RQH-MY;4;7;Bitumens (R4), Sylvite (R4);85341242;6.981497;595809600.0;
6369;RQH-MY;4;8;Sylvite (R4), Zeolites (R4);88475611;6.8383555;605027650.0;
6370;RQH-MY;4;9;Bitumens (R4), Coesite (R4);89029970;6.0991187;543004350.0;
6371;RQH-MY;4;10;Bitumens (R4), Sylvite (R4), Zeolites (R4);88876670;6.6969643;595203900.0;
6372;RQH-MY;4;11;Coesite (R4), Titanite (R8), Vanadinite (R16);167291652;3.6606636;612398460.0;
6373;RQH-MY;4;12;Bitumens (R4), Titanite (R8), Zeolites (R4);199421558;4.2189217;841343940.0;
6374;RQH-MY;4;13;Coesite (R4), Sylvite (R4), Zeolites (R4);86554973;6.605239;571716300.0;
6375;RQH-MY;4;14;Bitumens (R4), Coesite (R4), Zeolites (R4);90741018;6.2250404;564866500.0;
6376;RQH-MY;4;15;Coesite (R4), Zeolites (R4);88196176;6.3220162;557577660.0;
6377;RQH-MY;4;16;Bitumens (R4), Titanite (R8), Zeolites (R4);174921980;4.6018343;804962000.0;
6378;RQH-MY;4;17;Bitumens (R4), Sylvite (R4);90525080;6.509009;589228540.0;
6379;RQH-MY;4;18;Bitumens (R4), Sylvite (R4);85769240;6.952202;596285060.0;
6380;RQH-MY;5;1;Coesite (R4), Otavite (R16), Titanite (R8);173464407;3.4998343;607096640.0;
6381;RQH-MY;5;2;Coesite (R4), Zeolites (R4);87745975;6.2866483;551628100.0;
6382;RQH-MY;5;3;Bitumens (R4), Sylvite (R4), Zeolites (R4);89163084;6.7213354;599295040.0;
6383;RQH-MY;5;4;Bitumens (R4), Sylvite (R4);89983572;6.544699;588915400.0;
6384;D2-HOS;2;1;Bitumens (R4), Sylvite (R4), Titanite (R8), Zeolites (R4);181337259;4.5455127;824270850.0;
6385;D2-HOS;2;2;Bitumens (R4), Coesite (R4), Titanite (R8);172657868;4.5164146;779794560.0;
6386;D2-HOS;3;1;Bitumens (R4), Sylvite (R4);90274589;6.5311136;589593600.0;
6387;D2-HOS;3;2;Coesite (R4), Otavite (R16), Titanite (R8);166777323;3.5771704;596590900.0;
6388;D2-HOS;3;3;Coesite (R4), Zeolites (R4);87861536;6.2962008;553193860.0;
6389;D2-HOS;4;1;Coesite (R4), Zeolites (R4);89656922;6.4303226;576522940.0;
6390;D2-HOS;4;2;Bitumens (R4), Coesite (R4);91253871;6.097155;556389000.0;
6391;D2-HOS;4;3;Chromite (R16), Sylvite (R4), Titanite (R8);163525681;3.8177962;624307700.0;
6392;D2-HOS;4;4;Sylvite (R4), Zeolites (R4);84470201;7.1484466;603830700.0;
6393;D2-HOS;4;5;Loparite (R64), Monazite (R64), Otavite (R16), Vanadinite (R16);2225607694;1.4098238;3137714700.0;Alliance owned
6394;D2-HOS;4;6;Bitumens (R4), Chromite (R16), Sylvite (R4), Vanadinite (R16);410320884;2.725014;1118130200.0;
6395;D2-HOS;4;7;Bitumens (R4), Coesite (R4), Sylvite (R4);87771989;6.4117284;562770200.0;
6396;D2-HOS;4;8;Bitumens (R4), Sylvite (R4);90412855;6.518883;589390850.0;
6397;D2-HOS;4;9;Bitumens (R4), Coesite (R4);91814718;6.1075635;560764200.0;
6398;D2-HOS;4;10;Bitumens (R4), Coesite (R4);90014517;6.098219;548928260.0;
6399;D2-HOS;4;11;Bitumens (R4), Coesite (R4);89042472;6.110433;544088060.0;
6400;D2-HOS;4;12;Bitumens (R4), Coesite (R4), Sylvite (R4);87123319;6.5647807;571945500.0;
6401;D2-HOS;4;13;Bitumens (R4), Sylvite (R4);89354962;6.6011686;589847200.0;
6402;D2-HOS;4;14;Bitumens (R4), Coesite (R4);91133024;6.108715;556705660.0;
6403;D2-HOS;4;15;Coesite (R4), Zeolites (R4);88169832;6.307521;556133060.0;
6404;D2-HOS;4;16;Bitumens (R4), Sylvite (R4), Zeolites (R4);89335152;6.682694;596999500.0;
6405;D2-HOS;4;17;Sylvite (R4), Zeolites (R4);85110059;7.0969253;604019700.0;
6406;D2-HOS;4;18;Bitumens (R4), Coesite (R4);91530005;6.096741;558034750.0;
6407;D2-HOS;5;1;Coesite (R4), Zeolites (R4);89926993;6.4384747;578992640.0;
6408;D2-HOS;5;2;Chromite (R16), Pollucite (R32);731721963;1.7663629;1292486500.0;Alliance owned
6409;D2-HOS;5;3;Coesite (R4), Sylvite (R4), Zeolites (R4);86316298;6.7584825;583367200.0;
6410;D2-HOS;5;4;Chromite (R16), Sylvite (R4), Vanadinite (R16), Zeolites (R4);384629205;2.9704351;1142516100.0;
6411;D2-HOS;5;5;Bitumens (R4), Sylvite (R4), Zeolites (R4);88433561;6.77376;599027700.0;
6412;D2-HOS;5;6;Bitumens (R4), Coesite (R4);89355987;6.0989575;544978370.0;
6413;D2-HOS;5;7;Bitumens (R4), Coesite (R4), Scheelite (R8), Titanite (R8);223807865;3.654991;818015740.0;
6414;D2-HOS;5;8;Coesite (R4), Euxenite (R8), Sylvite (R4), Titanite (R8);207544132;3.9276571;815162200.0;
6415;D2-HOS;5;9;Sylvite (R4), Zeolites (R4);85141074;7.1077023;605157400.0;
6416;D2-HOS;5;10;Sylvite (R4), Zeolites (R4);85559573;7.0744085;605283400.0;
6417;D2-HOS;5;11;Sylvite (R4), Zeolites (R4);87079624;6.956116;605736000.0;
6418;D2-HOS;5;12;Bitumens (R4), Sylvite (R4), Zeolites (R4);89295423;6.662117;594896600.0;
6419;D2-HOS;5;13;Bitumens (R4), Coesite (R4);89918673;6.10945;549353600.0;
6420;D2-HOS;5;14;Bitumens (R4), Coesite (R4), Titanite (R8), Zeolites (R4);196399956;4.172965;819570100.0;
6421;D2-HOS;5;15;Coesite (R4), Sperrylite (R16), Titanite (R8);199937149;3.381187;676024900.0;
6422;D2-HOS;5;16;Bitumens (R4), Coesite (R4), Zeolites (R4);90286807;6.3011127;568907300.0;
6423;D2-HOS;5;17;Coesite (R4), Titanite (R8), Vanadinite (R16);161453840;3.7307553;602344770.0;
6424;D2-HOS;5;18;Coesite (R4), Pollucite (R32), Scheelite (R8), Vanadinite (R16);460701398;2.442998;1125492600.0;Alliance owned
6425;D2-HOS;5;19;Coesite (R4), Sylvite (R4), Zeolites (R4);86983175;6.593537;573526800.0;
6426;D2-HOS;5;20;Bitumens (R4), Sylvite (R4), Zeolites (R4);88948757;6.694007;595423600.0;
6427;D2-HOS;5;21;Bitumens (R4), Coesite (R4), Sylvite (R4);88335153;6.4963565;573856640.0;
6428;Y2-6EA;2;1;Bitumens (R4), Otavite (R16), Titanite (R8);176497711;3.5857434;632875500.0;
6429;Y2-6EA;3;1;Coesite (R4), Zeolites (R4);89651669;6.4306993;576522940.0;
6430;Y2-6EA;4;1;Coesite (R4), Sylvite (R4), Zeolites (R4);86727345;6.6420794;576049900.0;
6431;Y2-6EA;4;2;Bitumens (R4), Coesite (R4), Zeolites (R4);90668996;6.2049017;562592200.0;
6432;Y2-6EA;4;3;Bitumens (R4), Coesite (R4);91630016;6.107901;559667100.0;
6433;Y2-6EA;4;4;Bitumens (R4), Chromite (R16), Titanite (R8);165884530;3.6683614;608524400.0;
6434;Y2-6EA;5;1;Coesite (R4), Titanite (R8), Zeolites (R4);157821924;4.7337246;747085500.0;
6435;Y2-6EA;5;2;Bitumens (R4), Sylvite (R4), Zeolites (R4);88662125;6.739428;597532000.0;
6436;Y2-6EA;5;3;Bitumens (R4), Coesite (R4), Sylvite (R4);87338633;6.443308;562749700.0;
6437;Y2-6EA;5;4;Bitumens (R4), Sylvite (R4), Zeolites (R4);89286674;6.683514;596748740.0;
6438;Y2-6EA;5;5;Bitumens (R4), Coesite (R4), Sylvite (R4);87888393;6.385678;561226940.0;
6439;Y2-6EA;5;6;Bitumens (R4), Coesite (R4);91470562;6.107754;558679700.0;
6440;Y2-6EA;5;7;Sylvite (R4), Zeolites (R4);87659149;6.8992534;604782700.0;
6441;Y2-6EA;5;8;Bitumens (R4), Sylvite (R4), Zeolites (R4);88304909;6.773724;598153100.0;
6442;Y2-6EA;5;9;Sylvite (R4), Zeolites (R4);84960928;7.108861;603975400.0;
6443;Y2-6EA;5;10;Coesite (R4), Sylvite (R4), Zeolites (R4);86387742;6.721898;580689600.0;
6444;Y2-6EA;5;11;Coesite (R4), Sylvite (R4), Zeolites (R4);86616077;6.567252;568829630.0;
6445;Y2-6EA;5;12;Bitumens (R4), Coesite (R4), Zeolites (R4);90752445;6.292468;571056900.0;
6446;Y2-6EA;5;13;Coesite (R4), Zeolites (R4);87617082;6.265123;548931800.0;
6447;Y2-6EA;5;14;Bitumens (R4), Coesite (R4), Sylvite (R4), Titanite (R8);168711079;4.6665998;787307100.0;
6448;Y2-6EA;5;15;Coesite (R4), Sylvite (R4), Zeolites (R4);86790955;6.6110244;573777100.0;
6449;Y2-6EA;5;16;Bitumens (R4), Coesite (R4), Sylvite (R4);87411109;6.579074;575084160.0;
6450;Y2-6EA;5;17;Otavite (R16), Sylvite (R4), Titanite (R8);165725547;3.8629541;640190200.0;
6451;Y2-6EA;5;18;Bitumens (R4), Coesite (R4), Zeolites (R4);90725107;6.303261;571864000.0;
6452;Y2-6EA;5;19;Bitumens (R4), Sylvite (R4), Zeolites (R4);88417327;6.7748322;599012540.0;
6453;Y2-6EA;5;20;Sperrylite (R16), Titanite (R8), Zeolites (R4);181203853;3.7438161;678393900.0;
6454;Y2-6EA;5;21;Coesite (R4), Zeolites (R4);87989622;6.293748;553784500.0;
6455;Y2-6EA;5;22;Coesite (R4), Sylvite (R4), Titanite (R8), Zeolites (R4);159923789;4.8986654;783413100.0;
6456;Y2-6EA;5;23;Coesite (R4), Zeolites (R4);87634699;6.2785406;550218000.0;
6457;Y2-6EA;5;24;Coesite (R4), Sylvite (R4), Zeolites (R4);86717996;6.6557717;577175230.0;
6458;Y2-6EA;5;25;Coesite (R4), Sylvite (R4), Zeolites (R4);86297883;6.600968;569649540.0;
6459;Y2-6EA;6;1;Sylvite (R4), Titanite (R8), Zeolites (R4);223555766;3.9211597;876597800.0;
6460;Y2-6EA;6;2;Coesite (R4), Sylvite (R4), Titanite (R8);176262500;4.464377;786902200.0;
6461;Y2-6EA;6;3;Bitumens (R4), Sylvite (R4), Zeolites (R4);88602715;6.761825;599116000.0;
6462;Y2-6EA;6;4;Bitumens (R4), Coesite (R4);89407341;6.1100397;546282430.0;
6463;Y2-6EA;6;5;Coesite (R4), Sylvite (R4), Titanite (R8);176637092;4.436694;783684740.0;
6464;Y2-6EA;6;6;Coesite (R4), Sylvite (R4), Zeolites (R4);85665762;6.8088245;583283140.0;
6465;Y2-6EA;6;7;Coesite (R4), Titanite (R8);154671596;4.7028084;727390900.0;
6466;Y2-6EA;6;8;Bitumens (R4), Coesite (R4), Sylvite (R4);88008801;6.525975;574343230.0;
6467;Y2-6EA;6;9;Bitumens (R4), Sperrylite (R16), Titanite (R8);200027597;3.4496405;690023300.0;Reserved
6468;Y2-6EA;6;10;Coesite (R4), Zeolites (R4);88319655;6.330906;559143400.0;
6469;Y2-6EA;6;11;Coesite (R4), Sylvite (R4), Titanite (R8);168520237;4.7415705;799050560.0;
6470;Y2-6EA;6;12;Bitumens (R4), Coesite (R4);91108880;6.097225;555511360.0;
6471;Y2-6EA;6;13;Coesite (R4), Sylvite (R4), Zeolites (R4);85569779;6.7832828;580443970.0;
6472;TFA0-U;5;1;Chromite (R16), Loparite (R64), Otavite (R16), Xenotime (R64);2214413412;1.3657147;3024256800.0;Alliance owned
6473;TFA0-U;10;2;Chromite (R16), Pollucite (R32), Titanite (R8), Zeolites (R4);638361128;1.9301411;1232127100.0;Alliance owned
6474;HPS5-C;1;1;Bitumens (R4), Titanite (R8), Zeolites (R4);183891302;4.4516373;818617340.0;
6475;HPS5-C;2;1;Sylvite (R4), Zeolites (R4);85628261;7.0689435;605301400.0;
6476;HPS5-C;3;1;Coesite (R4), Zeolites (R4);87815635;6.292348;552566500.0;
6477;HPS5-C;3;2;Bitumens (R4), Coesite (R4), Sylvite (R4), Titanite (R8);191695738;4.249784;814665540.0;
6478;HPS5-C;4;1;Coesite (R4), Monazite (R64), Titanite (R8);1103412337;1.2928222;1426516000.0;Alliance owned
6479;HPS5-C;5;1;Bitumens (R4), Coesite (R4), Zeolites (R4);90896743;6.234819;566724740.0;
6480;HPS5-C;5;2;Sylvite (R4), Zeolites (R4);87501380;6.9240284;605862000.0;
6481;HPS5-C;5;3;Coesite (R4), Sylvite (R4), Titanite (R8);182319511;4.4713945;815222400.0;
6482;HPS5-C;5;4;Bitumens (R4), Coesite (R4);91464066;6.1081877;558679700.0;
6483;HPS5-C;5;5;Sylvite (R4), Titanite (R8), Zeolites (R4);183729625;4.538768;833906100.0;
6484;HPS5-C;5;6;Bitumens (R4), Coesite (R4), Zeolites (R4);90242063;6.225187;561773700.0;
6485;HPS5-C;5;7;Coesite (R4), Sylvite (R4), Vanadinite (R16);269764612;3.5936728;969445700.0;Reserved
6486;HPS5-C;5;8;Coesite (R4), Euxenite (R8), Sylvite (R4), Titanite (R8);219398063;3.7754815;828333300.0;
6487;HPS5-C;5;9;Bitumens (R4), Coesite (R4);89188812;6.1102376;544964860.0;
6488;HPS5-C;5;10;Bitumens (R4), Sylvite (R4);90722025;6.4793468;587819460.0;
6489;HPS5-C;5;11;Coesite (R4), Zeolites (R4);88558049;6.349223;562274800.0;
6490;HPS5-C;5;12;Bitumens (R4), Coesite (R4), Sylvite (R4);88002478;6.4891486;571061200.0;
6491;HPS5-C;5;13;Bitumens (R4), Coesite (R4), Sylvite (R4);88083832;6.425884;566016450.0;
6492;HPS5-C;5;14;Bitumens (R4), Coesite (R4), Sylvite (R4);87858868;6.5254116;573315260.0;
6493;HPS5-C;5;15;Otavite (R16), Pollucite (R32), Titanite (R8);659112022;1.8522037;1220809700.0;Alliance owned
6494;HPS5-C;5;16;Coesite (R4), Zeolites (R4);89436873;6.4146223;573703740.0;
6495;HPS5-C;5;17;Bitumens (R4), Sylvite (R4), Titanite (R8), Zeolites (R4);176027357;4.6274476;814557400.0;Reserved
6496;HPS5-C;5;18;Coesite (R4), Zeolites (R4);87879072;6.285631;552375400.0;
6497;HPS5-C;5;19;Bitumens (R4), Coesite (R4), Sylvite (R4);87372104;6.4715486;565432800.0;
6498;HPS5-C;5;20;Sylvite (R4), Zeolites (R4);87801198;6.888583;604825860.0;
6499;HPS5-C;5;21;Bitumens (R4), Coesite (R4);91726595;6.096833;559241700.0;
6500;HPS5-C;6;1;Sylvite (R4), Zeolites (R4);86658150;6.988494;605610000.0;
6501;HPS5-C;6;2;Coesite (R4), Zeolites (R4);89310403;6.3935156;571007400.0;
6502;DT-TCD;1;1;Bitumens (R4), Sylvite (R4), Titanite (R8);164635758;4.901438;806952000.0;
6503;DT-TCD;2;1;Bitumens (R4), Sylvite (R4), Zeolites (R4);88511996;6.776277;599781800.0;
6504;DT-TCD;2;2;Bitumens (R4), Chromite (R16), Titanite (R8);160138234;3.7541976;601190600.0;
6505;DT-TCD;3;1;Coesite (R4), Sperrylite (R16), Titanite (R8);174165466;3.6177447;630086200.0;
6506;DT-TCD;4;1;Bitumens (R4), Coesite (R4);89435163;6.110582;546500860.0;
6507;DT-TCD;5;1;Coesite (R4), Zeolites (R4);87674700;6.269934;549714600.0;
6508;DT-TCD;5;2;Bitumens (R4), Coesite (R4), Zeolites (R4);90461542;6.1988254;560755300.0;
6509;DT-TCD;5;3;Coesite (R4), Titanite (R8), Zeolites (R4);180662063;4.3587937;787468700.0;
6510;DT-TCD;5;4;Coesite (R4), Sylvite (R4), Zeolites (R4);86390419;6.6444592;574017600.0;
6511;DT-TCD;5;5;Bitumens (R4), Coesite (R4);89121893;6.0989833;543552960.0;
6512;DT-TCD;5;6;Bitumens (R4), Coesite (R4), Zeolites (R4);90478373;6.287798;568909760.0;
6513;DT-TCD;5;7;Bitumens (R4), Coesite (R4), Zeolites (R4);91056014;6.246783;568807200.0;
6514;DT-TCD;5;8;Bitumens (R4), Coesite (R4), Sylvite (R4), Titanite (R8);162950343;4.74957;773944000.0;
6515;DT-TCD;5;9;Coesite (R4), Sylvite (R4), Zeolites (R4);86370373;6.7710166;584815200.0;
6516;DT-TCD;5;10;Bitumens (R4), Sylvite (R4);87060203;6.8272066;594378000.0;
6517;DT-TCD;7;1;Bitumens (R4), Sylvite (R4), Titanite (R8);166652783;4.865891;810914240.0;
6518;DT-TCD;7;2;Bitumens (R4), Sylvite (R4), Zeolites (R4);88102339;6.784176;597701760.0;
6519;DT-TCD;8;1;Bitumens (R4), Cobaltite (R8), Titanite (R8), Zeolites (R4);216077431;3.9888487;861900160.0;
6520;DT-TCD;8;2;Coesite (R4), Zeolites (R4);87893052;6.2864137;552532100.0;
6521;DT-TCD;8;3;Cobaltite (R8), Coesite (R4), Otavite (R16), Pollucite (R32);573306222;2.1156867;1212936300.0;Alliance owned
6522;DT-TCD;8;4;Bitumens (R4), Coesite (R4), Titanite (R8), Zeolites (R4);163102906;4.755263;775597200.0;
6523;DT-TCD;8;5;Bitumens (R4), Coesite (R4), Sylvite (R4);88183733;6.539417;576670200.0;
6524;DT-TCD;8;6;Sylvite (R4), Zeolites (R4);87738317;6.8933067;604807200.0;
6525;DT-TCD;8;7;Bitumens (R4), Coesite (R4);89714361;6.1099105;548146700.0;
6526;DT-TCD;8;8;Bitumens (R4), Coesite (R4), Sylvite (R4), Titanite (R8);202403545;4.0960035;829045700.0;Reserved
6527;DT-TCD;8;9;Bitumens (R4), Coesite (R4), Sylvite (R4);87151383;6.563961;572058300.0;
6528;DT-TCD;8;10;Bitumens (R4), Coesite (R4);89325469;6.098595;544759900.0;
6529;DT-TCD;8;11;Bitumens (R4), Sylvite (R4), Zeolites (R4);87991504;6.8133945;599520830.0;
6530;DT-TCD;8;12;Bitumens (R4), Coesite (R4);88782149;6.1110487;542552060.0;
6531;DT-TCD;8;13;Bitumens (R4), Sylvite (R4);89988157;6.5443654;588915400.0;
6532;DT-TCD;8;14;Bitumens (R4), Chromite (R16), Titanite (R8);155102068;3.8372297;595162240.0;
6533;DT-TCD;8;15;Bitumens (R4), Sylvite (R4), Zeolites (R4);89051036;6.721095;598520500.0;
6534;DT-TCD;8;16;Bitumens (R4), Sylvite (R4), Zeolites (R4);88487385;6.7681947;598899840.0;
6535;DT-TCD;8;17;Coesite (R4), Sylvite (R4), Zeolites (R4);86140769;6.775851;583677000.0;
6536;DT-TCD;8;18;Bitumens (R4), Coesite (R4);89173491;6.099135;543881150.0;
6537;DT-TCD;8;19;Chromite (R16), Sylvite (R4), Titanite (R8);157245166;3.926052;617352700.0;
6538;DT-TCD;8;20;Coesite (R4), Zeolites (R4);87924326;6.3006077;553976700.0;
6539;DT-TCD;9;1;Pollucite (R32), Sylvite (R4), Titanite (R8);310400820;2.986281;926944060.0;Alliance owned
6540;DT-TCD;9;2;Bitumens (R4), Sperrylite (R16), Vanadinite (R16), Zeolites (R4);430407495;2.952188;1270643800.0;Reserved
6541;DT-TCD;9;3;Coesite (R4), Zeolites (R4);88077626;6.3127494;556011970.0;
6542;TFA0-U;2;1;Coesite (R4), Sylvite (R4), Zeolites (R4);86699579;6.7287827;583382600.0;
6543;TFA0-U;4;1;Bitumens (R4), Sylvite (R4);86018630;6.9278016;595920000.0;
6544;TFA0-U;5;2;Bitumens (R4), Coesite (R4);91618617;6.0968328;558583360.0;
6545;TFA0-U;5;3;Bitumens (R4), Titanite (R8), Zeolites (R4);170772713;4.6877017;800531600.0;
6546;TFA0-U;6;1;Bitumens (R4), Coesite (R4);89314683;6.1102366;545733800.0;
6547;TFA0-U;6;2;Bitumens (R4), Sylvite (R4);90130273;6.543821;589796350.0;
6548;TFA0-U;6;3;Bitumens (R4), Sylvite (R4), Zeolites (R4);87981287;6.799236;598205500.0;
6549;TFA0-U;7;1;Bitumens (R4), Coesite (R4);89406483;6.110099;546282430.0;
6550;TFA0-U;7;2;Coesite (R4), Zeolites (R4);87921094;6.3008394;553976700.0;
6551;TFA0-U;7;3;Sylvite (R4), Zeolites (R4);87826124;6.8867006;604832260.0;
6552;TFA0-U;7;4;Bitumens (R4), Coesite (R4), Zeolites (R4);90769284;6.2952576;571416000.0;
6553;TFA0-U;7;5;Bitumens (R4), Coesite (R4);89079976;6.1103125;544306500.0;
6554;TFA0-U;7;6;Bitumens (R4), Coesite (R4);89820377;6.110028;548805000.0;
6555;TFA0-U;7;7;Bitumens (R4), Coesite (R4), Zeolites (R4);90226975;6.2424755;563239700.0;
6556;TFA0-U;7;8;Bitumens (R4), Coesite (R4);89521692;6.0986977;545965760.0;
6557;TFA0-U;7;9;Bitumens (R4), Sylvite (R4), Zeolites (R4);87858804;6.824312;599575900.0;
6558;TFA0-U;7;10;Bitumens (R4), Coesite (R4), Sylvite (R4);87823401;6.5272584;573246000.0;
6559;TFA0-U;7;11;Bitumens (R4), Titanite (R8);210336682;4.005229;842446600.0;
6560;TFA0-U;7;12;Bitumens (R4), Coesite (R4), Sylvite (R4);88308524;6.489472;573075700.0;
6561;TFA0-U;7;13;Bitumens (R4), Sylvite (R4), Zeolites (R4);89809473;6.6120653;593826100.0;
6562;TFA0-U;7;14;Coesite (R4), Sylvite (R4), Zeolites (R4);86282842;6.8013043;586835840.0;
6563;TFA0-U;7;15;Coesite (R4), Otavite (R16), Titanite (R8);168505442;3.5594811;599791940.0;
6564;TFA0-U;7;16;Coesite (R4), Zeolites (R4);89403982;6.4117374;573234900.0;
6565;TFA0-U;8;1;Bitumens (R4), Sylvite (R4), Zeolites (R4);89298307;6.6684093;595477600.0;
6566;TFA0-U;8;2;Coesite (R4), Zeolites (R4);87737733;6.2743526;550497500.0;
6567;TFA0-U;8;3;Bitumens (R4), Coesite (R4), Titanite (R8), Zeolites (R4);164352266;4.747005;780181060.0;
6568;TFA0-U;8;4;Coesite (R4), Zeolites (R4);88129749;6.3161135;556637500.0;
6569;TFA0-U;8;5;Sylvite (R4), Titanite (R8);167483360;4.9110217;822514400.0;
6570;TFA0-U;8;6;Coesite (R4), Titanite (R8), Zeolites (R4);193882389;4.1536174;805313300.0;
6571;TFA0-U;8;7;Bitumens (R4), Sylvite (R4), Titanite (R8), Zeolites (R4);170478028;4.745356;808978940.0;
6572;TFA0-U;8;8;Coesite (R4), Zeolites (R4);88180418;6.3085403;556289700.0;
6573;TFA0-U;8;9;Sylvite (R4), Titanite (R8), Vanadinite (R16);160463659;4.0043893;642559000.0;
6574;TFA0-U;8;10;Sylvite (R4), Zeolites (R4);88216298;6.870354;606077200.0;
6575;TFA0-U;8;11;Coesite (R4), Sylvite (R4), Zeolites (R4);86487641;6.739261;582862800.0;
6576;TFA0-U;8;12;Bitumens (R4), Titanite (R8), Vanadinite (R16);156014129;3.940601;614789440.0;
6577;TFA0-U;8;13;Chromite (R16), Coesite (R4), Sylvite (R4), Zeolites (R4);316144630;3.053761;965430200.0;
6578;TFA0-U;8;14;Sylvite (R4), Titanite (R8), Vanadinite (R16);145148590;4.2985635;623930430.0;
6579;TFA0-U;8;15;Bitumens (R4), Coesite (R4), Titanite (R8);168135485;4.5352883;762542900.0;
6580;TFA0-U;8;16;Bitumens (R4), Coesite (R4), Zeolites (R4);90458063;6.302347;570098100.0;
6581;TFA0-U;8;17;Bitumens (R4), Sylvite (R4), Zeolites (R4);89354085;6.6611705;595202800.0;
6582;TFA0-U;8;18;Bitumens (R4), Coesite (R4), Zeolites (R4);91096285;6.2258806;567154600.0;
6583;TFA0-U;8;19;Bitumens (R4), Sylvite (R4);90907052;6.475404;588659900.0;
6584;TFA0-U;9;1;Coesite (R4), Sylvite (R4), Zeolites (R4);86421000;6.60195;570547140.0;
6585;TFA0-U;9;2;Bitumens (R4), Sylvite (R4), Titanite (R8);179059410;4.5611644;816719400.0;
6586;TFA0-U;9;3;Bitumens (R4), Sylvite (R4), Zeolites (R4);88325743;6.781573;598987460.0;
6587;TFA0-U;9;4;Coesite (R4), Sylvite (R4), Zeolites (R4);86465236;6.709065;580100860.0;
6588;TFA0-U;9;5;Coesite (R4), Titanite (R8), Vanadinite (R16);150646707;3.8762722;583947650.0;
6589;TFA0-U;9;6;Coesite (R4), Sylvite (R4), Zeolites (R4);86670770;6.6409235;575573950.0;
6590;TFA0-U;9;7;Pollucite (R32), Sylvite (R4), Vanadinite (R16), Zeolites (R4);502675508;2.3585126;1185566600.0;Alliance owned
6591;TFA0-U;9;8;Bitumens (R4), Sylvite (R4), Zeolites (R4);89485419;6.6856184;598265340.0;
6592;TFA0-U;9;9;Coesite (R4), Sylvite (R4), Zeolites (R4);85765508;6.822054;585096900.0;
6593;TFA0-U;9;10;Bitumens (R4), Coesite (R4), Sylvite (R4);87674827;6.4598327;566364700.0;
6594;TFA0-U;9;11;Bitumens (R4), Coesite (R4), Sylvite (R4);87925392;6.4495635;567080400.0;
6595;TFA0-U;9;12;Sylvite (R4), Zeolites (R4);88245614;6.855392;604958300.0;
6596;TFA0-U;9;13;Bitumens (R4), Pollucite (R32), Zeolites (R4);333585693;2.7626066;921566100.0;Alliance owned
6597;TFA0-U;9;14;Bitumens (R4), Sylvite (R4);89251722;6.6106224;590009400.0;
6598;TFA0-U;9;15;Sylvite (R4), Zeolites (R4);87795392;6.901857;605951200.0;
6599;TFA0-U;9;16;Bitumens (R4), Sylvite (R4), Titanite (R8);175031829;4.611126;807093760.0;
6600;TFA0-U;9;17;Bitumens (R4), Coesite (R4), Titanite (R8);187905977;4.2207823;793110200.0;
6601;TFA0-U;9;18;Coesite (R4), Zeolites (R4);87827353;6.2932925;552723200.0;
6602;TFA0-U;9;19;Sylvite (R4), Zeolites (R4);88012926;6.872728;604888900.0;
6603;TFA0-U;9;20;Bitumens (R4), Sylvite (R4), Zeolites (R4);88783434;6.7075605;595520260.0;
6604;TFA0-U;10;1;Bitumens (R4), Coesite (R4);91454384;6.096984;557595900.0;
6605;MQ-NPY;6;1;Bitumens (R4), Sylvite (R4);85516182;6.977043;596650100.0;
6606;ZKYV-W;2;1;Bitumens (R4), Coesite (R4), Titanite (R8), Zeolites (R4);200867417;4.1213455;827844100.0;
6607;ZKYV-W;4;1;Bitumens (R4), Coesite (R4);89739364;6.098578;547282500.0;
6608;ZKYV-W;5;1;Bitumens (R4), Sylvite (R4);90993237;6.4555774;587413900.0;
6609;ZKYV-W;5;2;Coesite (R4), Sylvite (R4), Zeolites (R4);85864170;6.7878275;582831170.0;
6610;ZKYV-W;5;3;Coesite (R4), Sylvite (R4), Titanite (R8);167386423;4.6233325;773883100.0;
6611;ZKYV-W;5;4;Sylvite (R4), Zeolites (R4);87943955;6.8906884;605994400.0;
6612;ZKYV-W;5;5;Bitumens (R4), Sylvite (R4);89904538;6.551795;589036100.0;
6613;ZKYV-W;5;6;Bitumens (R4), Coesite (R4), Sylvite (R4);87774890;6.555162;575378600.0;
6614;ZKYV-W;5;7;Bitumens (R4), Coesite (R4);89732990;6.1098647;548256450.0;
6615;ZKYV-W;5;8;Bitumens (R4), Sylvite (R4);87126035;6.8206635;594257340.0;
6616;ZKYV-W;5;9;Coesite (R4), Sylvite (R4), Zeolites (R4);86874152;6.633094;576244400.0;
6617;ZKYV-W;5;10;Bitumens (R4), Sylvite (R4);86911852;6.8411922;594580740.0;
6618;ZKYV-W;5;11;Coesite (R4), Sylvite (R4), Zeolites (R4);86792908;6.611488;573830300.0;
6619;ZKYV-W;5;12;Sylvite (R4), Zeolites (R4);87515967;6.9229465;605868350.0;
6620;ZKYV-W;5;13;Bitumens (R4), Coesite (R4), Sylvite (R4);87162186;6.6085305;576013950.0;
6621;ZKYV-W;5;14;Bitumens (R4), Otavite (R16), Sylvite (R4);341291678;3.078337;1050610750.0;
6622;ZKYV-W;5;15;Coesite (R4), Sylvite (R4), Titanite (R8), Zeolites (R4);163017620;4.8721423;794245060.0;
6623;ZKYV-W;6;1;Bitumens (R4), Sylvite (R4), Zeolites (R4);88557889;6.749624;597732400.0;
6624;ZKYV-W;6;2;Coesite (R4), Zeolites (R4);87889173;6.2977724;553506050.0;
6625;ZKYV-W;6;3;Loparite (R64), Otavite (R16), Pollucite (R32), Titanite (R8);2025912703;1.4357213;2908646000.0;Alliance owned
6626;ZKYV-W;6;4;Bitumens (R4), Sylvite (R4), Zeolites (R4);88581755;6.7336645;596479800.0;
6627;ZKYV-W;7;1;Bitumens (R4), Sylvite (R4);89733082;6.5795655;590404700.0;
6628;ZKYV-W;7;2;Bitumens (R4), Coesite (R4), Sylvite (R4);88466897;6.352832;562015300.0;
6629;ZKYV-W;7;3;Bitumens (R4), Coesite (R4);89437491;6.1104226;546500860.0;
6630;ZKYV-W;7;4;Bitumens (R4), Coesite (R4), Sylvite (R4);87416832;6.4766607;566169150.0;
6631;ZKYV-W;7;5;Bitumens (R4), Sylvite (R4);89071464;6.639366;591378050.0;
6632;ZKYV-W;7;6;Euxenite (R8), Titanite (R8), Zeolites (R4);221138301;3.8437006;849989440.0;
6633;ZKYV-W;7;7;Bitumens (R4), Coesite (R4), Zeolites (R4);90937488;6.2999773;572904100.0;
6634;ZKYV-W;7;8;Bitumens (R4), Sylvite (R4);86138375;6.9032254;594632640.0;
6635;ZKYV-W;7;9;Sperrylite (R16), Titanite (R8), Zeolites (R4);186544770;3.66685;684031700.0;
6636;ZKYV-W;7;10;Bitumens (R4), Coesite (R4);89285024;6.09889;544539500.0;
6637;ZKYV-W;7;11;Bitumens (R4), Sylvite (R4), Zeolites (R4);88320237;6.7809606;598896060.0;
6638;ZKYV-W;7;12;Bitumens (R4), Sylvite (R4);86028166;6.913965;594795800.0;
6639;ZKYV-W;7;13;Coesite (R4), Sylvite (R4), Zeolites (R4);87045289;6.578474;572625150.0;
6640;ZKYV-W;7;14;Coesite (R4), Sylvite (R4), Zeolites (R4);86604302;6.7235327;582286850.0;
6641;ZKYV-W;7;15;Chromite (R16), Sperrylite (R16), Sylvite (R4), Titanite (R8);462669027;2.6981769;1248362900.0;
6642;ZKYV-W;7;16;Otavite (R16), Sperrylite (R16), Sylvite (R4), Titanite (R8);512109105;2.6673245;1365961200.0;
6643;ZKYV-W;7;17;Coesite (R4), Zeolites (R4);87979359;6.305565;554759550.0;
6644;ZKYV-W;7;18;Chromite (R16), Sylvite (R4), Titanite (R8), Zeolites (R4);293557010;3.2697132;959847230.0;
6645;ZKYV-W;7;19;Bitumens (R4), Sylvite (R4);85925109;6.936759;596041800.0;
6646;ZKYV-W;7;20;Coesite (R4), Sylvite (R4), Zeolites (R4);86341311;6.633876;572777540.0;
6647;ZKYV-W;7;21;Coesite (R4), Sylvite (R4), Zeolites (R4);86685874;6.6274977;574510400.0;
6648;ZKYV-W;7;22;Bitumens (R4), Sylvite (R4);89191207;6.616028;590091500.0;
6649;ZKYV-W;7;23;Bitumens (R4), Sylvite (R4), Zeolites (R4);89034838;6.6768794;594474900.0;
6650;ZKYV-W;8;1;Bitumens (R4), Cobaltite (R8), Titanite (R8), Zeolites (R4);205323850;4.1312613;848246460.0;
6651;ZKYV-W;8;2;Bitumens (R4), Coesite (R4), Zeolites (R4);90429121;6.29259;569033400.0;
6652;FWA-4V;2;1;Coesite (R4), Sperrylite (R16), Sylvite (R4), Vanadinite (R16);460940833;2.8756309;1325495700.0;Alliance owned
6653;FWA-4V;3;1;Bitumens (R4), Coesite (R4), Zeolites (R4);91287867;6.2251225;568278140.0;
6654;FWA-4V;3;2;Chromite (R16), Titanite (R8), Zeolites (R4);182964214;3.5124533;642653250.0;
6655;FWA-4V;3;3;Bitumens (R4), Coesite (R4), Sylvite (R4);88299007;6.454751;569948100.0;
6656;FWA-4V;3;4;Coesite (R4), Zeolites (R4);87776361;6.2898216;552097660.0;
6657;FWA-4V;3;5;Bitumens (R4), Coesite (R4), Zeolites (R4);90761814;6.2358537;565977400.0;
6658;FWA-4V;3;6;Bitumens (R4), Coesite (R4), Sylvite (R4);88730823;6.383622;566424060.0;
6659;FWA-4V;3;7;Bitumens (R4), Sylvite (R4), Zeolites (R4);89136671;6.697362;596980540.0;
6660;FWA-4V;3;8;Bitumens (R4), Coesite (R4), Sylvite (R4);87876978;6.524067;573315260.0;
6661;FWA-4V;3;9;Sylvite (R4), Titanite (R8), Vanadinite (R16);144677473;4.3203316;625054660.0;
6662;FWA-4V;3;10;Sylvite (R4), Zeolites (R4);84540730;7.142704;603849400.0;
6663;FWA-4V;4;1;Sylvite (R4), Zeolites (R4);85768469;7.0579123;605346370.0;
6664;FWA-4V;4;2;Sylvite (R4), Titanite (R8), Zeolites (R4);179768010;4.6183915;830239040.0;
6665;FWA-4V;4;3;Bitumens (R4), Sylvite (R4), Titanite (R8), Zeolites (R4);170318305;4.758367;810437000.0;
6666;FWA-4V;4;4;Otavite (R16), Sylvite (R4);481695957;2.6120288;1258203800.0;
6667;FWA-4V;4;5;Sylvite (R4), Titanite (R8), Vanadinite (R16);161446759;3.9983203;645515840.0;
6668;FWA-4V;4;6;Bitumens (R4), Sylvite (R4);86945043;6.838116;594540300.0;
6669;FWA-4V;4;7;Sylvite (R4), Zeolites (R4);85360450;7.077003;604096100.0;
6670;FWA-4V;4;8;Bitumens (R4), Coesite (R4), Sylvite (R4);87437293;6.4939127;567810200.0;
6671;FWA-4V;4;9;Coesite (R4), Zeolites (R4);89140538;6.392035;569789440.0;
6672;FWA-4V;4;10;Coesite (R4), Zeolites (R4);87975157;6.293014;553628900.0;
6673;FWA-4V;4;11;Bitumens (R4), Titanite (R8), Zeolites (R4);165574752;4.840142;801405250.0;
6674;FWA-4V;4;12;Titanite (R8), Zeolites (R4);164287768;4.940272;811626300.0;
6675;FWA-4V;4;13;Bitumens (R4), Titanite (R8), Zeolites (R4);163688990;4.8333144;791160400.0;
6676;FWA-4V;5;1;Coesite (R4), Sylvite (R4), Zeolites (R4);86273702;6.6719046;575609900.0;
6677;FWA-4V;6;1;Sylvite (R4), Titanite (R8), Zeolites (R4);175093278;4.716084;825754600.0;
6678;FWA-4V;6;2;Bitumens (R4), Coesite (R4), Titanite (R8), Zeolites (R4);167745611;4.663935;782354700.0;
6679;FWA-4V;6;3;Bitumens (R4), Sylvite (R4), Zeolites (R4);89554769;6.642038;594826200.0;
6680;FWA-4V;6;4;Sylvite (R4), Zeolites (R4);87830939;6.8991966;605962900.0;
6681;FWA-4V;6;5;Bitumens (R4), Coesite (R4), Sylvite (R4);87141587;6.5994287;575084700.0;
6682;FWA-4V;6;6;Bitumens (R4), Coesite (R4), Otavite (R16);282317340;2.935984;828879170.0;
6683;RZC-16;1;1;Bitumens (R4), Coesite (R4), Zeolites (R4);90493288;6.22316;563154200.0;
6684;RZC-16;3;1;Bitumens (R4), Chromite (R16), Sylvite (R4), Titanite (R8);280237426;3.3373272;935244000.0;
6685;RZC-16;3;2;Bitumens (R4), Coesite (R4);89158907;6.0989017;543771400.0;
6686;RZC-16;3;3;Bitumens (R4), Coesite (R4);89439820;6.1102633;546500860.0;
6687;RZC-16;3;4;Bitumens (R4), Sylvite (R4), Titanite (R8), Zeolites (R4);194955302;4.3068213;839637600.0;
6688;RZC-16;3;5;Bitumens (R4), Coesite (R4);88603452;6.110991;541454900.0;
6689;RZC-16;3;6;Chromite (R16), Otavite (R16), Xenotime (R64);2396123598;1.2767806;3059324200.0;Alliance owned
6690;RZC-16;3;7;Coesite (R4), Zeolites (R4);87711389;6.272657;550183500.0;
6691;RZC-16;3;8;Bitumens (R4), Coesite (R4), Sylvite (R4);88695348;6.3912706;566875970.0;
6692;RZC-16;3;9;Bitumens (R4), Coesite (R4), Sylvite (R4);88411258;6.4134436;567020600.0;
6693;RZC-16;3;10;Bitumens (R4), Coesite (R4), Zeolites (R4);90458387;6.2907405;569050240.0;
6694;RZC-16;3;11;Bitumens (R4), Coesite (R4), Zeolites (R4);90694092;6.2956376;570977150.0;
6695;RZC-16;3;12;Bitumens (R4), Coesite (R4);91505124;6.1078553;558900030.0;
6696;RZC-16;4;1;Bitumens (R4), Sylvite (R4);86203474;6.9096546;595636200.0;
6697;RZC-16;4;2;Bitumens (R4), Sperrylite (R16), Sylvite (R4), Titanite (R8);335926834;3.3317382;1119220400.0;
6698;RZC-16;4;3;Coesite (R4), Euxenite (R8), Titanite (R8);219743762;3.7026503;813634300.0;
6699;RZC-16;4;4;Otavite (R16), Pollucite (R32), Titanite (R8), Xenotime (R64);2401144818;1.244048;2987139300.0;Alliance owned
6700;RZC-16;4;5;Bitumens (R4), Chromite (R16), Titanite (R8), Vanadinite (R16);428888898;2.7066338;1160845200.0;Reserved
6701;RZC-16;4;6;Bitumens (R4), Coesite (R4);89963040;6.0980597;548600000.0;
6702;RZC-16;4;7;Bitumens (R4), Coesite (R4), Sylvite (R4);87392351;6.5651484;573743740.0;
6703;RZC-16;4;8;Coesite (R4), Sylvite (R4), Titanite (R8);162534736;4.8895235;794717400.0;
6704;RZC-16;4;9;Bitumens (R4), Coesite (R4), Titanite (R8);182535136;4.3496985;793972800.0;
6705;RZC-16;4;10;Bitumens (R4), Coesite (R4), Zeolites (R4);91089636;6.22542;567071200.0;
6706;RZC-16;4;11;Chromite (R16), Coesite (R4), Titanite (R8);166731496;3.5076432;584834560.0;
6707;RZC-16;4;12;Coesite (R4), Titanite (R8), Zeolites (R4);180888798;4.364584;789504400.0;
6708;RZC-16;4;13;Bitumens (R4), Coesite (R4), Titanite (R8);176413945;4.4566455;786214460.0;
6709;RZC-16;4;14;Bitumens (R4), Coesite (R4), Zeolites (R4);91104683;6.239332;568432400.0;
6710;RZC-16;4;15;Coesite (R4), Sylvite (R4), Zeolites (R4);87022870;6.606506;574917100.0;
6711;RZC-16;4;16;Bitumens (R4), Coesite (R4);91895609;6.0963645;560229100.0;
6712;RZC-16;4;17;Bitumens (R4), Sylvite (R4);88848479;6.6596694;591701500.0;
6713;RZC-16;4;18;Coesite (R4), Zeolites (R4);89153871;6.3819118;568972160.0;
6714;RZC-16;4;19;Coesite (R4), Sylvite (R4), Zeolites (R4);86608290;6.6702347;577697600.0;
6715;RZC-16;4;20;Bitumens (R4), Sylvite (R4);88975742;6.6356845;590415000.0;
6716;RZC-16;4;21;Coesite (R4), Zeolites (R4);88241915;6.313016;557072600.0;
6717;RZC-16;4;22;Bitumens (R4), Sylvite (R4);89933511;6.5492334;588995600.0;
6718;RZC-16;4;23;Bitumens (R4), Coesite (R4), Sylvite (R4);87493156;6.5685663;574704600.0;
6719;RZC-16;4;24;Bitumens (R4), Coesite (R4), Zeolites (R4);90547892;6.2878084;569347800.0;
6720;RZC-16;4;25;Sylvite (R4), Zeolites (R4);87165306;6.9495797;605762240.0;
6721;RZC-16;5;1;Coesite (R4), Sylvite (R4), Zeolites (R4);85679220;6.7750688;580482560.0;
6722;RZC-16;6;1;Coesite (R4), Zeolites (R4);88480956;6.3313513;560204000.0;
6723;RZC-16;6;2;Bitumens (R4), Coesite (R4), Sylvite (R4);86491105;6.675765;577394300.0;
6724;RZC-16;6;3;Sylvite (R4), Zeolites (R4);87700220;6.8961554;604794400.0;
6725;RZC-16;6;4;Coesite (R4), Zeolites (R4);87884082;6.2981377;553506050.0;
6726;RZC-16;6;5;Coesite (R4), Zeolites (R4);89775634;6.439261;578088700.0;
6727;RZC-16;6;6;Sylvite (R4), Zeolites (R4);84525859;7.1572747;604974800.0;
6728;RZC-16;6;7;Bitumens (R4), Coesite (R4);88825535;6.110523;542770500.0;
6729;S-MDYI;4;1;Coesite (R4), Titanite (R8);187854874;4.147053;779044100.0;
6730;S-MDYI;4;2;Bitumens (R4), Sylvite (R4), Zeolites (R4);89129251;6.7028923;597423740.0;
6731;S-MDYI;5;1;Chromite (R16), Sperrylite (R16), Sylvite (R4), Titanite (R8);498392965;2.6663797;1328904800.0;Reserved
6732;S-MDYI;5;2;Bitumens (R4), Coesite (R4), Zeolites (R4);90805440;6.223724;565147970.0;
6733;S-MDYI;5;3;Coesite (R4), Sylvite (R4), Zeolites (R4);87153126;6.5689836;572507460.0;
6734;S-MDYI;5;4;Bitumens (R4), Sylvite (R4), Zeolites (R4);88694952;6.715034;595589600.0;
6735;S-MDYI;5;5;Bitumens (R4), Coesite (R4), Zeolites (R4);91249587;6.2422986;569607200.0;
6736;S-MDYI;5;6;Sylvite (R4), Zeolites (R4);85110200;7.110205;605151000.0;
6737;S-MDYI;5;7;Coesite (R4), Titanite (R8), Zeolites (R4);235953400;3.6916451;871056260.0;
6738;S-MDYI;5;8;Bitumens (R4), Sylvite (R4);90160896;6.5411496;589755900.0;
6739;S-MDYI;6;1;Bitumens (R4), Coesite (R4), Sylvite (R4);88463240;6.339144;560781250.0;
6740;S-MDYI;6;2;Otavite (R16), Sylvite (R4), Titanite (R8);173507804;3.7310712;647370000.0;
6741;S-MDYI;6;3;Coesite (R4), Sperrylite (R16), Sylvite (R4), Titanite (R8);311592662;3.394308;1057641540.0;
6742;S-MDYI;6;4;Bitumens (R4), Sylvite (R4), Zeolites (R4);89998619;6.601531;594128640.0;
6743;S-MDYI;6;5;Bitumens (R4), Coesite (R4), Zeolites (R4);90826635;6.2450075;567213000.0;
6744;S-MDYI;6;6;Bitumens (R4), Coesite (R4);89063797;6.0992546;543222800.0;
6745;S-MDYI;6;7;Bitumens (R4), Sylvite (R4);86294061;6.9009895;595514430.0;
6746;S-MDYI;6;8;Bitumens (R4), Sylvite (R4);87087343;6.8246136;594337500.0;
6747;S-MDYI;6;9;Bitumens (R4), Euxenite (R8), Sylvite (R4), Titanite (R8);216481333;3.86951;837676700.0;
6748;S-MDYI;6;10;Bitumens (R4), Coesite (R4);91687988;6.10764;559997200.0;
6749;S-MDYI;6;11;Bitumens (R4), Coesite (R4), Zeolites (R4);90819868;6.1990457;562996540.0;
6750;S-MDYI;6;12;Sylvite (R4), Titanite (R8), Vanadinite (R16);150138941;4.181555;627814200.0;
6751;S-MDYI;6;13;Loparite (R64), Titanite (R8), Vanadinite (R16);647757699;1.8008741;1166530000.0;Alliance owned
6752;S-MDYI;6;14;Bitumens (R4), Sylvite (R4), Zeolites (R4);88830644;6.7375894;598504400.0;
6753;S-MDYI;6;15;Coesite (R4), Sylvite (R4), Zeolites (R4);86278741;6.784336;585344000.0;
6754;S-MDYI;7;1;Coesite (R4), Zeolites (R4);89613203;6.415592;574921700.0;
6755;S-MDYI;7;2;Chromite (R16), Coesite (R4), Titanite (R8), Vanadinite (R16);395822431;2.7508547;1088850000.0;
6756;S-MDYI;7;3;Bitumens (R4), Sylvite (R4), Zeolites (R4);89397988;6.686362;597747260.0;
6757;S-MDYI;7;4;Coesite (R4), Sylvite (R4), Zeolites (R4);86654196;6.603316;572205000.0;
6758;S-MDYI;7;5;Sylvite (R4), Zeolites (R4);85131586;7.1084943;605157400.0;
6759;S-MDYI;7;6;Bitumens (R4), Coesite (R4), Sylvite (R4);87963508;6.5519056;576328600.0;
6760;S-MDYI;7;7;Bitumens (R4), Coesite (R4), Sylvite (R4);87077947;6.5580196;571058900.0;
6761;S-MDYI;7;8;Coesite (R4), Zeolites (R4);87550574;6.2720647;549122900.0;
6762;S-MDYI;7;9;Coesite (R4), Sylvite (R4), Zeolites (R4);87118061;6.6083336;575705200.0;
6763;S-MDYI;7;10;Bitumens (R4), Sylvite (R4), Zeolites (R4);89764073;6.634929;595578240.0;
6764;S-MDYI;7;11;Bitumens (R4), Sylvite (R4);90122571;6.5323553;588712640.0;
6765;S-MDYI;7;12;Bitumens (R4), Sylvite (R4);89923976;6.56243;590119800.0;
6766;S-MDYI;7;13;Coesite (R4), Sylvite (R4), Zeolites (R4);85478366;6.860056;586386370.0;
6767;S-MDYI;7;14;Coesite (R4), Zeolites (R4);88049584;6.298353;554567360.0;
6768;S-MDYI;7;15;Sylvite (R4), Zeolites (R4);85589739;7.0588417;604164400.0;
6769;S-MDYI;7;16;Bitumens (R4), Sylvite (R4), Zeolites (R4);88415786;6.7783813;599315900.0;
6770;S-MDYI;7;17;Coesite (R4), Zeolites (R4);89134881;6.392441;569789440.0;
6771;S-MDYI;8;1;Sylvite (R4), Zeolites (R4);87590179;6.90446;604762900.0;
6772;S-MDYI;8;2;Coesite (R4), Zeolites (R4);89139810;6.3920875;569789440.0;
6773;S-MDYI;8;3;Bitumens (R4), Sylvite (R4), Zeolites (R4);88599271;6.744965;597599000.0;
6774;S-MDYI;8;4;Coesite (R4), Sylvite (R4), Zeolites (R4);85853618;6.825983;586035300.0;
6775;S-MDYI;8;5;Bitumens (R4), Coesite (R4), Zeolites (R4);90387703;6.260864;565905100.0;
6776;F-NMX6;1;1;Coesite (R4), Sylvite (R4), Zeolites (R4);86688041;6.7373776;584050050.0;
6777;F-NMX6;2;1;Bitumens (R4), Coesite (R4), Sylvite (R4);87523313;6.40302;560413500.0;
6778;F-NMX6;3;1;Sylvite (R4), Zeolites (R4);87404084;6.918513;604706240.0;
6779;F-NMX6;3;2;Coesite (R4), Sylvite (R4), Zeolites (R4);86293712;6.8022623;586992450.0;
6780;F-NMX6;3;3;Bitumens (R4), Vanadinite (R16), Zeolites (R4);208342976;3.7425208;779727940.0;
6781;F-NMX6;3;4;Sylvite (R4), Zeolites (R4);87624027;6.9147687;605899840.0;
6782;F-NMX6;3;5;Coesite (R4), Zeolites (R4);88037866;6.2974243;554411800.0;
6783;F-NMX6;3;6;Bitumens (R4), Sylvite (R4);89763523;6.5643463;589238850.0;
6784;F-NMX6;3;7;Coesite (R4), Zeolites (R4);87827191;6.293304;552723200.0;
6785;F-NMX6;3;8;Sylvite (R4), Zeolites (R4);85001858;7.105588;603988160.0;
6786;F-NMX6;3;9;Bitumens (R4), Coesite (R4), Sylvite (R4);87106270;6.4676595;563373700.0;
6787;F-NMX6;3;10;Coesite (R4), Sylvite (R4), Zeolites (R4);86772164;6.6447644;576580540.0;
6788;F-NMX6;3;11;Coesite (R4), Zeolites (R4);89963197;6.441115;579463300.0;
6789;F-NMX6;3;12;Coesite (R4), Zeolites (R4);88104293;6.314394;556325250.0;
6790;F-NMX6;3;13;Bitumens (R4), Coesite (R4), Zeolites (R4);90725420;6.285363;570242240.0;
6791;F-NMX6;3;14;Titanite (R8), Vanadinite (R16), Zeolites (R4);273005718;3.6579075;998629700.0;
6792;F-NMX6;3;15;Bitumens (R4), Coesite (R4), Zeolites (R4);90142969;6.2925706;567231000.0;
6793;F-NMX6;3;16;Bitumens (R4), Sylvite (R4);89518166;6.5864162;589603900.0;
6794;F-NMX6;3;17;Bitumens (R4), Sylvite (R4), Zeolites (R4);88887390;6.7280164;598035840.0;
6795;F-NMX6;4;1;Bitumens (R4), Sylvite (R4);89805699;6.5728807;590282100.0;
6796;F-NMX6;4;2;Bitumens (R4), Sylvite (R4), Titanite (R8);184931443;4.4288726;819037760.0;
6797;F-NMX6;4;3;Bitumens (R4), Sylvite (R4);85706343;6.945594;595281500.0;
6798;F-NMX6;4;4;Sylvite (R4), Zeolites (R4);84426157;7.165353;604943200.0;
6799;F-NMX6;4;5;Bitumens (R4), Coesite (R4);89582729;6.110326;547379650.0;
6800;F-NMX6;4;6;Bitumens (R4), Sylvite (R4), Zeolites (R4);88097468;6.776215;596967400.0;
6801;F-NMX6;4;7;Bitumens (R4), Coesite (R4), Sylvite (R4);88405609;6.398688;565679900.0;
6802;F-NMX6;4;8;Sylvite (R4), Zeolites (R4);87482969;6.9254246;605856700.0;
6803;F-NMX6;4;9;Coesite (R4), Zeolites (R4);88316665;6.3311205;559143400.0;
6804;F-NMX6;4;10;Sperrylite (R16), Sylvite (R4), Titanite (R8);196600155;3.6017096;708096700.0;
6805;F-NMX6;4;11;Coesite (R4), Sylvite (R4), Zeolites (R4);86029490;6.8417926;588595900.0;
6806;F-NMX6;4;12;Coesite (R4), Sylvite (R4), Zeolites (R4);85681908;6.8301578;585220900.0;
6807;F-NMX6;4;13;Bitumens (R4), Coesite (R4), Sylvite (R4);88603527;6.3812385;565400260.0;
6808;F-NMX6;4;14;Cobaltite (R8), Coesite (R4), Titanite (R8), Zeolites (R4);214712651;3.9508133;848289600.0;
6809;F-NMX6;4;15;Bitumens (R4), Sylvite (R4);86130123;6.9169397;595756860.0;
6810;F-NMX6;4;16;Bitumens (R4), Sylvite (R4);87033980;6.8168116;593294300.0;
6811;F-NMX6;4;17;Coesite (R4), Sylvite (R4), Zeolites (R4);85666429;6.8195276;584204600.0;
6812;F-NMX6;4;18;Bitumens (R4), Coesite (R4);89029970;6.0991187;543004350.0;
6813;F-NMX6;5;1;Bitumens (R4), Sylvite (R4), Zeolites (R4);88130937;6.816477;600742460.0;
6814;F-NMX6;5;2;Bitumens (R4), Sylvite (R4);87043699;6.828501;594378000.0;
6815;F-NMX6;5;3;Chromite (R16), Titanite (R8), Zeolites (R4);178190594;3.5775576;637487100.0;
6816;F-NMX6;5;4;Bitumens (R4), Coesite (R4), Sylvite (R4);86990245;6.607227;574764300.0;
6817;F-NMX6;5;5;Bitumens (R4), Sperrylite (R16), Sylvite (R4), Zeolites (R4);372747346;3.2101593;1196578400.0;
6818;F-NMX6;5;6;Bitumens (R4), Titanite (R8), Zeolites (R4);172189839;4.6725607;804567500.0;
6819;F-NMX6;5;7;Bitumens (R4), Coesite (R4), Sylvite (R4);87941268;6.5569925;576630200.0;
6820;F-NMX6;5;8;Coesite (R4), Sylvite (R4), Zeolites (R4);86385664;6.740449;582278140.0;
6821;F-NMX6;5;9;Bitumens (R4), Sperrylite (R16), Titanite (R8);177293213;3.6981406;655655230.0;
6822;F-NMX6;5;10;Otavite (R16), Titanite (R8), Zeolites (R4);468446836;2.6257467;1230022800.0;Alliance owned
6823;F-NMX6;5;11;Bitumens (R4), Sylvite (R4);85951515;6.921535;594916400.0;
6824;F-NMX6;5;12;Bitumens (R4), Coesite (R4), Sylvite (R4);87939792;6.4153886;564167940.0;
6825;F-NMX6;5;13;Coesite (R4), Zeolites (R4);89407943;6.4005604;572260900.0;
6826;F-NMX6;5;14;Bitumens (R4), Cobaltite (R8), Titanite (R8), Zeolites (R4);215704404;3.980842;858685200.0;
6827;F-NMX6;5;15;Sylvite (R4), Zeolites (R4);84685612;7.1310067;603893700.0;
6828;F-NMX6;5;16;Bitumens (R4), Coesite (R4);89311252;6.1104712;545733800.0;
6829;F-NMX6;5;17;Coesite (R4), Titanite (R8), Vanadinite (R16);158971797;3.769641;599266560.0;
6830;F-NMX6;5;18;Bitumens (R4), Coesite (R4), Zeolites (R4);91277402;6.2131615;567121200.0;
6831;F-NMX6;5;19;Coesite (R4), Zeolites (R4);88030917;6.3089848;555385700.0;
6832;F-NMX6;5;20;Coesite (R4), Otavite (R16), Titanite (R8);176275126;3.466531;611063200.0;
6833;F-NMX6;5;21;Bitumens (R4), Coesite (R4), Zeolites (R4);90287271;6.2899914;567906200.0;
6834;F-NMX6;7;1;Otavite (R16), Titanite (R8), Zeolites (R4);455023497;2.6601348;1210423800.0;
6835;F-NMX6;7;2;Bitumens (R4), Coesite (R4), Zeolites (R4);90509559;6.2246733;563392450.0;
6836;F-NMX6;7;3;Bitumens (R4), Coesite (R4);91457325;6.0967875;557595900.0;
6837;F-NMX6;7;4;Coesite (R4), Zeolites (R4);88041260;6.310023;555542400.0;
6838;F-NMX6;7;5;Coesite (R4), Sylvite (R4), Zeolites (R4);85612078;6.7997513;582140860.0;
6839;F-NMX6;7;6;Coesite (R4), Zeolites (R4);89419256;6.4015026;572417600.0;
6840;F-NMX6;7;7;Bitumens (R4), Sylvite (R4), Zeolites (R4);87844976;6.8209147;599183100.0;
6841;F-NMX6;7;8;Sylvite (R4), Zeolites (R4);85536347;7.0762553;605277000.0;
6842;7RM-N0;3;1;Coesite (R4), Zeolites (R4);89776361;6.4392085;578088700.0;
6843;7RM-N0;4;1;Bitumens (R4), Coesite (R4), Sylvite (R4);88332749;6.519756;575908000.0;
6844;7RM-N0;4;2;Bitumens (R4), Coesite (R4);91453648;6.097033;557595900.0;
6845;7RM-N0;5;1;Bitumens (R4), Sylvite (R4), Zeolites (R4);88791652;6.744841;598885570.0;
6846;7RM-N0;5;2;Bitumens (R4), Sylvite (R4);88747073;6.6691165;591864600.0;
6847;7RM-N0;6;1;Bitumens (R4), Sylvite (R4), Zeolites (R4);88731232;6.7381325;597882800.0;
6848;7RM-N0;7;1;Bitumens (R4), Sylvite (R4);85005299;7.028028;597419600.0;
6849;7RM-N0;7;2;Bitumens (R4), Coesite (R4), Sylvite (R4);86904246;6.65292;578167000.0;
6850;7RM-N0;7;3;Coesite (R4), Titanite (R8), Zeolites (R4);176544561;4.5608816;805198850.0;
6851;7RM-N0;8;1;Bitumens (R4), Sylvite (R4);85824620;6.9467587;596202940.0;
6852;7RM-N0;8;2;Coesite (R4), Sylvite (R4), Zeolites (R4);87067387;6.592712;574010200.0;
6853;7RM-N0;8;3;Bitumens (R4), Sylvite (R4);89948365;6.5602;590079300.0;
6854;7RM-N0;8;4;Coesite (R4), Titanite (R8), Zeolites (R4);167982028;4.670163;784503500.0;
6855;7RM-N0;8;5;Bitumens (R4), Sylvite (R4);85714228;6.9575987;596365200.0;
6856;7RM-N0;8;6;Bitumens (R4), Sylvite (R4);86101883;6.919679;595797400.0;
6857;7RM-N0;8;7;Sylvite (R4), Zeolites (R4);85043071;7.102303;604001660.0;
6858;7RM-N0;8;8;Bitumens (R4), Coesite (R4), Zeolites (R4);90381928;6.278399;567453800.0;
6859;7RM-N0;8;9;Bitumens (R4), Coesite (R4);88970895;6.110417;543649300.0;
6860;7RM-N0;8;10;Bitumens (R4), Sylvite (R4), Zeolites (R4);87898597;6.8175;599248700.0;
6861;7RM-N0;8;11;Coesite (R4), Zeolites (R4);87701045;6.271611;550026900.0;
6862;7RM-N0;8;12;Bitumens (R4), Coesite (R4), Sylvite (R4);87774110;6.3741794;559487940.0;
6863;7RM-N0;8;13;Sperrylite (R16), Sylvite (R4), Titanite (R8);187241576;3.6951473;691885200.0;
6864;7RM-N0;8;14;Bitumens (R4), Sylvite (R4), Zeolites (R4);89592722;6.6398773;594884700.0;
6865;7RM-N0;8;15;Bitumens (R4), Coesite (R4), Sperrylite (R16);295877034;3.128298;925591500.0;
6866;7RM-N0;8;16;Coesite (R4), Sylvite (R4), Zeolites (R4);87082758;6.5694294;572084030.0;
6867;7RM-N0;8;17;Bitumens (R4), Coesite (R4), Sylvite (R4);88578315;6.386401;565696640.0;
6868;7RM-N0;8;18;Bitumens (R4), Sylvite (R4);86013129;6.9282446;595920000.0;
6869;7RM-N0;8;19;Bitumens (R4), Coesite (R4), Zeolites (R4);90497332;6.269668;567388200.0;
6870;7RM-N0;8;20;Bitumens (R4), Coesite (R4), Sylvite (R4);88192345;6.369618;561751550.0;
6871;7RM-N0;8;21;Bitumens (R4), Coesite (R4), Zeolites (R4);90345947;6.3028812;569439740.0;
6872;7RM-N0;8;22;Sylvite (R4), Titanite (R8), Zeolites (R4);165002176;4.943303;815655740.0;
6873;7RM-N0;9;1;Bitumens (R4), Coesite (R4);91638351;6.0967174;558693100.0;
6874;7RM-N0;9;2;Cobaltite (R8), Sylvite (R4), Titanite (R8), Zeolites (R4);213976215;4.0506606;866745000.0;
6875;7RM-N0;9;3;Sylvite (R4), Zeolites (R4);85835740;7.0525913;605364400.0;
6876;7RM-N0;9;4;Coesite (R4), Sylvite (R4), Zeolites (R4);86626477;6.7625103;585812500.0;
6877;7RM-N0;9;5;Bitumens (R4), Sylvite (R4), Zeolites (R4);89610241;6.6315722;594256800.0;
6878;7RM-N0;9;6;Bitumens (R4), Sylvite (R4), Zeolites (R4);89234441;6.6576934;594095550.0;
6879;7RM-N0;9;7;Bitumens (R4), Coesite (R4), Sylvite (R4);86905973;6.635672;576679550.0;
6880;7RM-N0;9;8;Sylvite (R4), Zeolites (R4);87468381;6.9136534;604726100.0;
6881;7RM-N0;9;9;Bitumens (R4), Coesite (R4);91498751;6.10828;558900030.0;
6882;7RM-N0;9;10;Bitumens (R4), Sylvite (R4), Zeolites (R4);87804353;6.8223157;599029000.0;
6883;7RM-N0;9;11;Sylvite (R4), Zeolites (R4);87377601;6.9334154;605825200.0;
6884;7RM-N0;9;12;Bitumens (R4), Sylvite (R4), Zeolites (R4);88588664;6.7227354;595558140.0;
6885;7RM-N0;9;13;Sylvite (R4), Zeolites (R4);88246322;6.855337;604958300.0;
6886;7RM-N0;9;14;Sylvite (R4), Zeolites (R4);84740562;7.139884;605037760.0;
6887;7RM-N0;9;15;Coesite (R4), Zeolites (R4);87856121;6.2837195;552063200.0;
6888;7RM-N0;9;16;Bitumens (R4), Coesite (R4);89155719;6.0991197;543771400.0;
6889;7RM-N0;9;17;Bitumens (R4), Titanite (R8), Vanadinite (R16);165098819;3.809549;628952060.0;
6890;7RM-N0;9;18;Sylvite (R4), Zeolites (R4);85614240;7.056896;604170800.0;
6891;7RM-N0;9;19;Bitumens (R4), Sylvite (R4), Zeolites (R4);88084655;6.781168;597316860.0;
6892;7RM-N0;9;20;Coesite (R4), Zeolites (R4);89784039;6.440402;578245300.0;
6893;7RM-N0;9;21;Bitumens (R4), Coesite (R4), Sylvite (R4);88246714;6.3816686;563161300.0;
6894;7RM-N0;10;1;Bitumens (R4), Sylvite (R4);85383419;6.990267;596852860.0;
6895;GA-P6C;3;1;Bitumens (R4), Coesite (R4);89374985;6.0988894;545088100.0;
6896;GA-P6C;4;1;Sylvite (R4), Zeolites (R4);87797941;6.901656;605951200.0;
6897;GA-P6C;4;2;Bitumens (R4), Coesite (R4), Sylvite (R4), Titanite (R8);168853778;4.659337;786746600.0;
6898;GA-P6C;4;3;Coesite (R4), Zeolites (R4);88128375;6.316212;556637500.0;
6899;GA-P6C;4;4;Bitumens (R4), Coesite (R4), Sylvite (R4);87970667;6.3864026;561816060.0;
6900;GA-P6C;4;5;Bitumens (R4), Coesite (R4), Zeolites (R4);90739218;6.28256;570074560.0;
6901;GA-P6C;4;6;Bitumens (R4), Coesite (R4);89994538;6.0983534;548818500.0;
6902;GA-P6C;4;7;Scheelite (R8), Sylvite (R4), Titanite (R8), Zeolites (R4);216989600;3.8364046;832459900.0;
6903;GA-P6C;4;8;Bitumens (R4), Coesite (R4), Sylvite (R4);87011982;6.59567;573902340.0;
6904;GA-P6C;4;9;Coesite (R4), Sylvite (R4), Zeolites (R4);86926863;6.567708;570910300.0;
6905;GA-P6C;4;10;Sylvite (R4), Zeolites (R4);84569479;7.1537204;604986430.0;
6906;GA-P6C;4;11;Sylvite (R4), Zeolites (R4);84954414;7.122652;605100740.0;
6907;GA-P6C;4;12;Sylvite (R4), Titanite (R8), Vanadinite (R16);157753805;4.0395417;637253100.0;Reserved
6908;GA-P6C;4;13;Bitumens (R4), Coesite (R4), Sylvite (R4);87754601;6.3994713;561583040.0;
6909;GA-P6C;4;14;Bitumens (R4), Sylvite (R4);86146076;6.9151983;595717250.0;
6910;GA-P6C;5;1;Coesite (R4), Sylvite (R4), Zeolites (R4);86373348;6.756656;583595000.0;
6911;GA-P6C;5;2;Bitumens (R4), Sylvite (R4);90839386;6.4811316;588742000.0;
6912;GA-P6C;6;1;Bitumens (R4), Sylvite (R4), Titanite (R8);153789681;5.1951027;798953200.0;
6913;GA-P6C;6;2;Bitumens (R4), Coesite (R4), Zeolites (R4);90902038;6.2289505;566224300.0;
6914;GA-P6C;6;3;Bitumens (R4), Sylvite (R4);90541767;6.5073624;589188100.0;
6915;GA-P6C;7;1;Bitumens (R4), Coesite (R4);89359051;6.0987487;544978370.0;
6916;GA-P6C;7;2;Coesite (R4), Sperrylite (R16), Zeolites (R4);553270868;2.701938;1494903400.0;Reserved
6917;GA-P6C;7;3;Bitumens (R4), Coesite (R4);91530250;6.096725;558034750.0;
6918;GA-P6C;7;4;Sylvite (R4), Zeolites (R4);85091364;7.1116967;605143940.0;
6919;GA-P6C;7;5;Coesite (R4), Euxenite (R8), Pollucite (R32), Sylvite (R4);304492428;2.8753667;875527360.0;Alliance owned
6920;GA-P6C;7;6;Coesite (R4), Zeolites (R4);89063928;6.3869967;568851000.0;
6921;GA-P6C;7;7;Coesite (R4), Sperrylite (R16), Titanite (R8);192759264;3.4329116;661725500.0;
6922;GA-P6C;7;8;Bitumens (R4), Coesite (R4);91786406;6.0964565;559571840.0;
6923;GA-P6C;7;9;Bitumens (R4), Coesite (R4);89242494;6.110262;545295040.0;
6924;GA-P6C;7;10;Bitumens (R4), Cobaltite (R8), Pollucite (R32), Sperrylite (R16);608828720;2.3333752;1420625900.0;Alliance owned
6925;GA-P6C;7;11;Bitumens (R4), Coesite (R4), Zeolites (R4);90531950;6.2251625;563576100.0;
6926;GA-P6C;7;12;Bitumens (R4), Coesite (R4), Zeolites (R4);90168774;6.2564416;564135700.0;
6927;GA-P6C;7;13;Bitumens (R4), Sylvite (R4);89010217;6.644845;591459100.0;
6928;GA-P6C;7;14;Sylvite (R4), Zeolites (R4);85229731;7.0874124;604058240.0;
6929;GA-P6C;7;15;Bitumens (R4), Coesite (R4), Sylvite (R4);88117279;6.4322944;566796300.0;
6930;GA-P6C;7;16;Bitumens (R4), Sylvite (R4), Zeolites (R4);89179040;6.6758432;595345300.0;
6931;GA-P6C;7;17;Bitumens (R4), Sylvite (R4), Titanite (R8);186303849;4.459353;830794600.0;
6932;GA-P6C;7;18;Bitumens (R4), Sylvite (R4);90253318;6.520645;588509900.0;
6933;GA-P6C;7;19;Bitumens (R4), Sylvite (R4), Zeolites (R4);88743706;6.747214;598772740.0;
6934;GA-P6C;7;20;Coesite (R4), Sylvite (R4), Zeolites (R4);86255874;6.760111;583099260.0;
6935;GA-P6C;7;21;Bitumens (R4), Sylvite (R4);89693473;6.5829225;590445200.0;
6936;GA-P6C;7;22;Bitumens (R4), Sylvite (R4);89281062;6.620144;591053500.0;
6937;GA-P6C;7;23;Coesite (R4), Sylvite (R4), Titanite (R8);165100268;4.840473;799163460.0;
6938;GA-P6C;7;24;Bitumens (R4), Sylvite (R4), Zeolites (R4);89271361;6.7090974;598930240.0;
6939;GA-P6C;8;1;Bitumens (R4), Sylvite (R4), Zeolites (R4);88309329;6.7435837;595521340.0;
6940;GA-P6C;8;2;Bitumens (R4), Coesite (R4), Titanite (R8), Zeolites (R4);193941916;4.216808;817815800.0;
6941;GA-P6C;8;3;Coesite (R4), Titanite (R8), Vanadinite (R16), Zeolites (R4);235923731;3.8729582;913722750.0;Reserved
6942;GA-P6C;8;4;Chromite (R16), Sylvite (R4), Zeolites (R4);243243824;3.1955264;777292000.0;Reserved
