ID;Region;System;P;M;Mineral#1;Mineral#2;Mineral#3;Mineral#4;Total %;Rent (Individuals);Rent (Coporations);Status
6051;Pure Blind;Q-5211;2;1;Bitumens (16.29%);Coesite (31.19%);Zeolites (32.52%);;80%;90,175,852;63,123,097;
6052;Pure Blind;Q-5211;3;1;Bitumens (27.35%);Coesite (30.95%);Sylvite (21.71%);;80%;87,582,199;61,307,539;
6053;Pure Blind;Q-5211;4;1;Bitumens (25.04%);Coesite (22.37%);Sylvite (32.59%);;80%;86,637,623;60,646,337;
6054;Pure Blind;Q-5211;4;2;Bitumens (26.95%);Sylvite (31.57%);Zeolites (21.48%);;80%;88,669,009;62,068,305;
6055;Pure Blind;Q-5211;5;1;Bitumens (24.76%);Sylvite (55.24%);;;80%;85,225,532;59,657,872;
6056;Pure Blind;Q-5211;5;2;Coesite (17.36%);Scheelite (16.99%);Titanite (43.45%);Zeolites (22.2%);100%;220,909,892;154,636,924;
6057;Pure Blind;Q-5211;6;1;Coesite (31.53%);Sylvite (19%);Zeolites (29.46%);;80%;86,775,492;60,742,845;
6058;Pure Blind;Q-5211;6;2;Bitumens (39.81%);Chromite (10.51%);Titanite (19.68%);;70%;176,442,773;123,509,941;
6059;Pure Blind;Q-5211;6;3;Sylvite (54.37%);Zeolites (25.63%);;;80%;84,315,265;59,020,686;
6060;Pure Blind;Q-5211;7;1;Sylvite (28.69%);Zeolites (51.31%);;;80%;87,951,319;61,565,923;
6061;Pure Blind;Q-5211;7;2;Bitumens (22.85%);Cobaltite (24.17%);Coesite (17.85%);Titanite (35.14%);100%;204,401,818;143,081,272;Reserved
6062;Pure Blind;Q-5211;8;1;Bitumens (28.65%);Sylvite (51.35%);;;80%;85,938,496;60,156,947;
6063;Pure Blind;Q-5211;8;2;Bitumens (22.95%);Coesite (26.45%);Zeolites (30.59%);;80%;90,835,736;63,585,015;
6064;Pure Blind;Q-5211;8;3;Coesite (22.09%);Titanite (55.56%);Zeolites (22.35%);;100%;221,738,159;155,216,711;
6065;Pure Blind;Q-5211;8;4;Coesite (35.52%);Titanite (24.55%);Vanadinite (9.93%);;70%;164,478,639;115,135,047;
6066;Pure Blind;Q-5211;8;5;Euxenite (22.59%);Sylvite (23.14%);Titanite (36.02%);Zeolites (18.26%);100%;209,926,175;146,948,321;
6067;Pure Blind;Q-5211;8;6;Coesite (32.46%);Sylvite (23.09%);Zeolites (24.45%);;80%;86,122,832;60,285,983;
6068;Pure Blind;Q-5211;8;7;Bitumens (34.83%);Coesite (45.17%);;;80%;89,818,784;62,873,149;
6069;Pure Blind;Q-5211;8;8;Bitumens (25.87%);Coesite (43.27%);Titanite (30.86%);;100%;172,867,170;121,007,020;
6070;Pure Blind;Q-5211;8;9;Bitumens (19.85%);Scheelite (16.27%);Sylvite (20.91%);Titanite (42.97%);100%;218,296,318;152,807,423;
6071;Pure Blind;Q-5211;8;10;Bitumens (32.35%);Coesite (16.47%);Sylvite (31.18%);;80%;87,619,576;61,333,704;
6072;Pure Blind;Q-5211;8;11;Bitumens (48.14%);Sylvite (31.86%);;;80%;89,512,481;62,658,737;
6073;Pure Blind;Q-5211;8;12;Coesite (20.4%);Sylvite (24.32%);Zeolites (35.28%);;80%;86,921,223;60,844,856;
6074;Pure Blind;Q-5211;8;13;Bitumens (31.32%);Coesite (32.3%);Sylvite (16.38%);;80%;88,393,149;61,875,204;
6075;Pure Blind;Q-5211;8;14;Bitumens (28.74%);Coesite (51.26%);;;80%;89,072,745;62,350,921;
6076;Pure Blind;Q-5211;8;15;Bitumens (45.52%);Sylvite (34.48%);;;80%;89,032,405;62,322,683;
6077;Pure Blind;Q-5211;8;16;Bitumens (35.68%);Coesite (19.33%);Sylvite (24.99%);;80%;88,403,867;61,882,707;
6078;Pure Blind;Q-5211;8;17;Sylvite (73.76%);Titanite (26.24%);;;100%;155,819,932;109,073,952;
6079;Pure Blind;Q-5211;8;18;Coesite (23.03%);Sylvite (29.06%);Zeolites (27.91%);;80%;86,038,622;60,227,036;
6080;Pure Blind;Q-5211;8;19;Loparite (40.9%);Titanite (59.1%);;;100%;1,914,683,060;1,340,278,142;Alliance owned
6081;Pure Blind;Q-5211;8;20;Bitumens (19.11%);Coesite (33.25%);Zeolites (27.64%);;80%;90,126,217;63,088,352;
6082;Pure Blind;Q-5211;8;21;Sylvite (33.11%);Zeolites (46.89%);;;80%;87,326,332;61,128,433;
6083;Pure Blind;Q-5211;8;22;Bitumens (42.68%);Titanite (18.71%);Vanadinite (8.61%);;70%;152,572,774;106,800,941;
6084;Pure Blind;Q-5211;8;23;Bitumens (25.94%);Coesite (20.35%);Sylvite (33.71%);;80%;86,679,391;60,675,573;
6085;Pure Blind;Q-5211;8;24;Bitumens (30.03%);Coesite (29.89%);Sylvite (20.07%);;80%;88,010,404;61,607,282;
6086;Pure Blind;Q-5211;9;1;Coesite (21.38%);Sylvite (27.88%);Zeolites (30.74%);;80%;86,338,977;60,437,283;
6087;Pure Blind;Q-5211;9;2;Bitumens (29.61%);Sylvite (50.39%);;;80%;86,114,720;60,280,304;
6088;Pure Blind;Q-5211;9;3;Bitumens (17.64%);Euxenite (22.99%);Sylvite (19.94%);Titanite (39.42%);100%;218,267,180;152,787,026;Reserved
6089;Pure Blind;Q-5211;9;4;Bitumens (28.92%);Coesite (33.81%);Zeolites (17.27%);;80%;90,491,320;63,343,924;
6090;Pure Blind;Q-5211;9;5;Coesite (53.79%);Titanite (25.13%);Zeolites (21.08%);;100%;159,745,454;111,821,818;
6091;Pure Blind;Q-5211;9;6;Bitumens (58.97%);Titanite (41.03%);;;100%;197,609,006;138,326,304;
6092;Pure Blind;Q-5211;9;7;Coesite (43.46%);Otavite (7.52%);Titanite (19.03%);;70%;155,839,225;109,087,457;
6093;Pure Blind;CR-AQH;4;1;Sylvite (30.7%);Zeolites (49.3%);;;80%;87,667,647;61,367,353;
6094;Pure Blind;CR-AQH;5;1;Bitumens (26.28%);Coesite (23.48%);Sylvite (30.24%);;80%;86,931,015;60,851,711;
6095;Pure Blind;CR-AQH;6;1;Bitumens (21.16%);Coesite (31.22%);Zeolites (27.63%);;80%;90,375,682;63,262,977;
6096;Pure Blind;CR-AQH;7;1;Bitumens (27.55%);Titanite (20.45%);Vanadinite (32%);;80%;258,441,851;180,909,295;
6097;Pure Blind;CR-AQH;7;2;Bitumens (23.04%);Sylvite (30.74%);Zeolites (26.22%);;80%;88,623,608;62,036,525;
6098;Pure Blind;CR-AQH;7;3;Bitumens (28.11%);Coesite (51.89%);;;80%;88,995,776;62,297,042;
6099;Pure Blind;CR-AQH;7;4;Bitumens (19.89%);Sylvite (28.16%);Zeolites (31.95%);;80%;88,858,615;62,201,030;
6100;Pure Blind;CR-AQH;7;5;Bitumens (32.04%);Sylvite (47.96%);;;80%;86,560,504;60,592,354;
6101;Pure Blind;CR-AQH;7;6;Bitumens (32.72%);Coesite (47.28%);;;80%;89,560,666;62,692,467;
6102;Pure Blind;CR-AQH;7;7;Bitumens (34.37%);Sylvite (29.53%);Zeolites (16.1%);;80%;89,268,940;62,488,259;
6103;Pure Blind;CR-AQH;7;8;Bitumens (15.23%);Coesite (32.41%);Zeolites (32.36%);;80%;90,032,427;63,022,699;
6104;Pure Blind;CR-AQH;7;9;Coesite (45.15%);Titanite (29.58%);Zeolites (25.27%);;100%;169,139,192;118,397,435;
6105;Pure Blind;CR-AQH;7;10;Coesite (19.27%);Sylvite (33.14%);Zeolites (27.58%);;80%;85,763,677;60,034,573;
6106;Pure Blind;CR-AQH;7;11;Bitumens (50.61%);Sylvite (29.4%);;;80%;89,964,869;62,975,408;
6107;Pure Blind;CR-AQH;7;12;Bitumens (27.48%);Coesite (52.52%);;;80%;88,918,071;62,242,649;
6108;Pure Blind;CR-AQH;7;13;Bitumens (50.24%);Coesite (29.76%);;;80%;91,708,088;64,195,661;
6109;Pure Blind;CR-AQH;7;14;Otavite (26.06%);Titanite (22.62%);Ytterbite (11.32%);;60%;534,421,624;374,095,137;Alliance owned
6110;Pure Blind;CR-AQH;7;15;Bitumens (49.67%);Sylvite (30.33%);;;80%;89,793,596;62,855,517;
6111;Pure Blind;CR-AQH;7;16;Coesite (29.03%);Zeolites (50.97%);;;80%;89,669,205;62,768,444;
6112;Pure Blind;CR-AQH;8;1;Cobaltite (22.07%);Coesite (19.73%);Sylvite (21.39%);Titanite (36.82%);100%;201,698,319;141,188,824;
6113;Pure Blind;CR-AQH;8;2;Bitumens (47.99%);Sylvite (32.01%);;;80%;89,485,342;62,639,739;
6114;Pure Blind;CR-AQH;8;3;Bitumens (19.02%);Sylvite (26.86%);Zeolites (34.12%);;80%;89,005,069;62,303,547;
6115;Pure Blind;CR-AQH;8;4;Bitumens (30.75%);Coesite (25.55%);Zeolites (23.7%);;80%;91,234,568;63,864,197;
6116;Pure Blind;CR-AQH;8;5;Bitumens (29.71%);Sylvite (50.29%);;;80%;86,133,424;60,293,396;
6117;Pure Blind;CR-AQH;8;6;Bitumens (27.23%);Coesite (31.52%);Zeolites (21.25%);;80%;90,604,872;63,423,411;
6118;Pure Blind;CR-AQH;8;7;Coesite (31.63%);Sylvite (19.62%);Zeolites (28.75%);;80%;86,679,264;60,675,484;
6119;Pure Blind;CR-AQH;8;8;Coesite (28.76%);Titanite (32.83%);Zeolites (38.42%);;100%;176,806,559;123,764,591;
6120;Pure Blind;CR-AQH;8;9;Sylvite (22.29%);Titanite (28.98%);Zeolites (48.73%);;100%;168,463,635;117,924,545;
6121;Pure Blind;CR-AQH;8;10;Bitumens (19.06%);Sylvite (30.36%);Zeolites (30.58%);;80%;88,511,212;61,957,849;
6122;Pure Blind;CR-AQH;8;11;Bitumens (35.06%);Coesite (26.99%);Sylvite (17.95%);;80%;88,755,631;62,128,942;
6123;Pure Blind;CR-AQH;8;12;Bitumens (28.02%);Sylvite (32.66%);Zeolites (19.33%);;80%;88,560,036;61,992,026;
6124;Pure Blind;CR-AQH;8;13;Sylvite (31.21%);Titanite (21.87%);Vanadinite (26.92%);;80%;235,744,636;165,021,245;
6125;Pure Blind;CR-AQH;8;14;Coesite (20.66%);Sylvite (31.51%);Zeolites (27.83%);;80%;85,883,045;60,118,132;
6126;Pure Blind;CR-AQH;8;15;Bitumens (26.55%);Coesite (53.45%);;;80%;88,804,578;62,163,204;
6127;Pure Blind;CR-AQH;8;16;Bitumens (28.4%);Coesite (22.57%);Sylvite (29.03%);;80%;87,265,011;61,085,507;
6128;Pure Blind;CR-AQH;8;17;Bitumens (28.18%);Coesite (51.83%);;;80%;89,003,374;62,302,361;
6129;Pure Blind;M-YCD4;1;1;Coesite (36.3%);Otavite (18.15%);Sperrylite (45.55%);;100%;514,825,683;360,377,978;Alliance owned
6130;Pure Blind;M-YCD4;1;2;Bitumens (23.83%);Coesite (23.9%);Sylvite (23.71%);Titanite (28.57%);100%;166,525,017;116,567,511;
6131;Pure Blind;M-YCD4;1;3;Coesite (30.43%);Sylvite (22.61%);Zeolites (26.96%);;80%;86,353,506;60,447,455;
6132;Pure Blind;M-YCD4;1;4;Bitumens (20.15%);Sylvite (30.17%);Zeolites (29.68%);;80%;88,583,530;62,008,471;
6133;Pure Blind;M-YCD4;1;5;Coesite (44.95%);Zeolites (35.05%);;;80%;88,382,366;61,867,656;
6134;Pure Blind;M-YCD4;1;6;Bitumens (48.45%);Coesite (31.55%);;;80%;91,488,211;64,041,747;
6135;Pure Blind;M-YCD4;1;7;Bitumens (51.15%);Sylvite (28.85%);;;80%;90,065,359;63,045,751;
6136;Pure Blind;M-YCD4;1;8;Bitumens (33.11%);Coesite (28.97%);Zeolites (17.91%);;80%;91,056,366;63,739,457;
6137;Pure Blind;M-YCD4;1;9;Bitumens (17.6%);Coesite (41.69%);Titanite (40.71%);;100%;191,901,937;134,331,357;
6138;Pure Blind;M-YCD4;1;10;Coesite (30.57%);Sylvite (19.15%);Zeolites (30.28%);;80%;86,831,928;60,782,350;
6139;Pure Blind;M-YCD4;1;11;Bitumens (21%);Cobaltite (22.08%);Sylvite (18.67%);Titanite (38.24%);100%;207,359,509;145,151,656;
6140;Pure Blind;M-YCD4;1;12;Bitumens (28.93%);Coesite (34.83%);Sylvite (16.24%);;80%;88,109,444;61,676,610;
6141;Pure Blind;M-YCD4;1;13;Coesite (36.65%);Zeolites (43.35%);;;80%;89,053,261;62,337,283;
6142;Pure Blind;M-YCD4;1;14;Coesite (36.83%);Titanite (34.74%);Zeolites (28.43%);;100%;179,891,415;125,923,990;
6143;Pure Blind;M-YCD4;1;15;Bitumens (15.68%);Coesite (30.55%);Zeolites (33.77%);;80%;90,200,788;63,140,552;
6144;Pure Blind;M-YCD4;1;16;Bitumens (32.42%);Coesite (28.14%);Sylvite (19.45%);;80%;88,340,968;61,838,677;
6145;Pure Blind;M-YCD4;2;1;Bitumens (29.33%);Coesite (26.29%);Otavite (33.61%);Titanite (10.77%);100%;321,492,659;225,044,861;
6146;Pure Blind;M-YCD4;3;1;Bitumens (30.75%);Coesite (30.18%);Zeolites (19.08%);;80%;90,860,327;63,602,230;
6147;Pure Blind;M-YCD4;3;2;Bitumens (33.47%);Coesite (16.1%);Sylvite (30.44%);;80%;87,800,717;61,460,501;
6148;Pure Blind;M-YCD4;3;3;Coesite (18.42%);Sylvite (31.92%);Zeolites (29.65%);;80%;86,004,078;60,202,854;
6149;Pure Blind;M-YCD4;3;4;Bitumens (33.44%);Sylvite (46.56%);;;80%;86,817,597;60,772,318;
6150;Pure Blind;M-YCD4;3;5;Coesite (26.86%);Sylvite (23.03%);Zeolites (30.11%);;80%;86,584,420;60,609,094;
6151;Pure Blind;M-YCD4;3;6;Coesite (21.03%);Titanite (29.83%);Zeolites (49.15%);;100%;171,578,752;120,105,126;
6152;Pure Blind;M-YCD4;3;7;Bitumens (26.28%);Sylvite (30.56%);Zeolites (23.17%);;80%;88,783,749;62,148,624;
6153;Pure Blind;M-YCD4;3;8;Bitumens (32.97%);Coesite (15.86%);Sylvite (31.17%);;80%;87,695,961;61,387,173;
6154;Pure Blind;M-YCD4;3;9;Bitumens (16.93%);Coesite (33%);Zeolites (30.07%);;80%;90,055,034;63,038,524;
6155;Pure Blind;M-YCD4;3;10;Bitumens (31.38%);Sylvite (30.97%);Zeolites (17.65%);;80%;88,938,499;62,256,949;
6156;Pure Blind;M-YCD4;3;11;Bitumens (21.19%);Sylvite (26.96%);Zeolites (31.85%);;80%;89,082,390;62,357,673;
6157;Pure Blind;M-YCD4;3;12;Bitumens (16.9%);Cobaltite (20.77%);Coesite (21.03%);Titanite (41.29%);100%;212,938,598;149,057,018;
6158;Pure Blind;M-YCD4;3;13;Bitumens (39.68%);Chromite (12.14%);Titanite (18.18%);;70%;182,179,993;127,525,996;
6159;Pure Blind;M-YCD4;3;14;Bitumens (20.21%);Coesite (28.29%);Zeolites (31.5%);;80%;90,572,438;63,400,706;
6160;Pure Blind;M-YCD4;3;15;Bitumens (19.54%);Sylvite (29.1%);Zeolites (31.36%);;80%;88,709,483;62,096,638;
6161;Pure Blind;M-YCD4;3;16;Bitumens (25.72%);Coesite (54.28%);;;80%;88,702,115;62,091,481;
6162;Pure Blind;M-YCD4;3;17;Sylvite (56.34%);Zeolites (23.66%);;;80%;84,036,407;58,825,485;
6163;Pure Blind;M-YCD4;3;18;Coesite (20.9%);Sylvite (34.25%);Zeolites (24.85%);;80%;85,475,904;59,833,132;
6164;Pure Blind;M-YCD4;3;19;Bitumens (54.09%);Coesite (25.91%);;;80%;92,180,078;64,526,055;
6165;Pure Blind;M-YCD4;3;20;Sylvite (47.48%);Zeolites (32.52%);;;80%;85,290,629;59,703,440;
6166;Pure Blind;M-YCD4;3;21;Coesite (34.35%);Zeolites (45.65%);;;80%;89,238,885;62,467,219;
6167;Pure Blind;M-YCD4;4;1;Titanite (16.48%);Vanadinite (8.65%);Zeolites (44.87%);;70%;146,594,141;102,615,898;
6168;Pure Blind;M-YCD4;4;2;Bitumens (53.53%);Sylvite (26.47%);;;80%;90,501,425;63,350,997;
6169;Pure Blind;M-YCD4;5;1;Sylvite (37.05%);Titanite (23.81%);Vanadinite (9.15%);;70%;157,592,706;110,314,894;
6170;Pure Blind;M-YCD4;5;2;Bitumens (47.48%);Sylvite (32.52%);;;80%;89,392,554;62,574,788;
6171;Pure Blind;G-M4I8;3;1;Coesite (29.93%);Sylvite (20.76%);Zeolites (29.32%);;80%;86,657,874;60,660,513;
6172;Pure Blind;G-M4I8;4;1;Bitumens (20.08%);Sylvite (35.08%);Zeolites (24.84%);;80%;87,885,685;61,519,978;
6173;Pure Blind;G-M4I8;5;1;Coesite (39.25%);Scheelite (22.78%);Titanite (37.97%);;100%;216,097,285;151,268,099;
6174;Pure Blind;G-M4I8;6;1;Bitumens (16.69%);Coesite (31.55%);Zeolites (31.76%);;80%;90,161,940;63,113,358;
6175;Pure Blind;G-M4I8;6;2;Bitumens (52.55%);Sylvite (16.52%);Titanite (30.93%);;100%;175,282,478;122,697,735;
6176;Pure Blind;G-M4I8;6;3;Coesite (26.7%);Zeolites (53.3%);;;80%;89,857,496;62,900,247;
6177;Pure Blind;G-M4I8;6;4;Coesite (21.31%);Sylvite (26.26%);Zeolites (32.43%);;80%;86,573,983;60,601,788;
6178;Pure Blind;G-M4I8;7;1;Bitumens (21.22%);Coesite (29.85%);Zeolites (28.93%);;80%;90,488,988;63,342,291;
6179;Pure Blind;G-M4I8;7;2;Bitumens (27.55%);Sylvite (32.94%);Zeolites (19.51%);;80%;88,500,741;61,950,520;
6180;Pure Blind;G-M4I8;8;1;Coesite (49.12%);Zeolites (30.88%);;;80%;88,045,463;61,631,824;
6181;Pure Blind;G-M4I8;8;2;Bitumens (33.58%);Sperrylite (25.66%);Zeolites (20.76%);;80%;263,608,812;184,526,169;
6182;Pure Blind;G-M4I8;8;3;Bitumens (26.55%);Coesite (22.35%);Sylvite (31.11%);;80%;86,911,716;60,838,201;
6183;Pure Blind;G-M4I8;8;4;Coesite (37.14%);Titanite (20.01%);Vanadinite (12.86%);;70%;166,952,066;116,866,447;
6184;Pure Blind;G-M4I8;8;5;Bitumens (50.05%);Coesite (29.95%);;;80%;91,684,066;64,178,846;
6185;Pure Blind;G-M4I8;9;1;Coesite (41.22%);Otavite (7.7%);Titanite (21.08%);;70%;161,037,111;112,725,978;
6186;Pure Blind;G-M4I8;9;2;Bitumens (28.12%);Coesite (34.05%);Sylvite (17.83%);;80%;87,912,650;61,538,855;
6187;Pure Blind;G-M4I8;9;3;Bitumens (34.19%);Titanite (43.23%);Zeolites (22.58%);;100%;200,871,823;140,610,277;
6188;Pure Blind;G-M4I8;9;4;Bitumens (29.55%);Sylvite (30.75%);Zeolites (19.7%);;80%;88,894,018;62,225,813;
6189;Pure Blind;G-M4I8;9;5;Sylvite (51.75%);Zeolites (28.25%);;;80%;84,686,320;59,280,423;
6190;Pure Blind;G-M4I8;9;6;Bitumens (33.09%);Coesite (27.33%);Sylvite (19.58%);;80%;88,416,677;61,891,674;
6191;Pure Blind;G-M4I8;10;1;Bitumens (21.37%);Sylvite (29.28%);Zeolites (29.35%);;80%;88,762,296;62,133,607;
6192;Pure Blind;G-M4I8;10;2;Coesite (26.33%);Zeolites (53.67%);;;80%;89,887,153;62,921,008;
6193;Pure Blind;G-M4I8;10;3;Bitumens (30.76%);Coesite (49.25%);;;80%;89,319,586;62,523,710;
6194;Pure Blind;G-M4I8;10;4;Bitumens (52.59%);Sylvite (27.41%);;;80%;90,329,235;63,230,465;
6195;Pure Blind;G-M4I8;10;5;Chromite (26.46%);Coesite (35%);Otavite (29.07%);Titanite (9.47%);100%;432,462,572;302,723,800;Alliance owned
6196;Pure Blind;G-M4I8;10;6;Sylvite (54.09%);Zeolites (25.91%);;;80%;84,354,353;59,048,047;
6197;Pure Blind;G-M4I8;12;1;Sylvite (63.2%);Titanite (36.8%);;;100%;177,933,941;124,553,760;
6198;Pure Blind;G-M4I8;12;2;Bitumens (33.5%);Chromite (23.53%);Sylvite (22.97%);;80%;215,151,444;150,606,010;
6199;Pure Blind;G-M4I8;12;3;Coesite (31.72%);Zeolites (48.28%);;;80%;89,451,419;62,615,993;
6200;Pure Blind;G-M4I8;12;4;Bitumens (50.12%);Sylvite (29.88%);;;80%;89,875,565;62,912,896;
6201;Pure Blind;93PI-4;2;1;Chromite (10.07%);Coesite (35.36%);Titanite (24.57%);;70%;179,147,411;125,403,188;
6202;Pure Blind;93PI-4;3;1;Sylvite (54.24%);Zeolites (25.76%);;;80%;84,333,818;59,033,672;
6203;Pure Blind;93PI-4;4;1;Bitumens (26.61%);Sylvite (33.88%);Zeolites (19.52%);;80%;88,329,227;61,830,459;
6204;Pure Blind;93PI-4;4;2;Bitumens (23.76%);Coesite (29.83%);Zeolites (26.41%);;80%;90,596,204;63,417,342;
6205;Pure Blind;93PI-4;4;3;Bitumens (29.98%);Sylvite (50.02%);;;80%;86,182,385;60,327,670;
6206;Pure Blind;93PI-4;4;4;Coesite (37.32%);Sylvite (22.51%);Titanite (40.16%);;100%;187,253,548;131,077,483;Alliance owned
6207;Pure Blind;93PI-4;4;5;Sylvite (29.66%);Zeolites (50.34%);;;80%;87,813,944;61,469,761;
6208;Pure Blind;93PI-4;4;6;Sylvite (37.59%);Titanite (33.06%);Zeolites (29.35%);;100%;174,254,382;121,978,067;
6209;Pure Blind;93PI-4;4;7;Bitumens (32.98%);Coesite (28.84%);Sylvite (18.19%);;80%;88,485,675;61,939,973;
6210;Pure Blind;93PI-4;4;8;Coesite (30.59%);Sylvite (16.06%);Zeolites (33.35%);;80%;87,270,051;61,089,036;
6211;Pure Blind;93PI-4;4;9;Coesite (33.38%);Sylvite (17.25%);Zeolites (29.37%);;80%;86,875,064;60,812,544;
6212;Pure Blind;93PI-4;4;10;Coesite (18.08%);Sylvite (35.51%);Zeolites (26.41%);;80%;85,526,050;59,868,235;
6213;Pure Blind;93PI-4;4;11;Coesite (55.14%);Zeolites (24.86%);;;80%;87,559,221;61,291,455;
6214;Pure Blind;93PI-4;4;12;Bitumens (18.53%);Sylvite (28.74%);Zeolites (32.73%);;80%;88,717,723;62,102,406;
6215;Pure Blind;93PI-4;4;13;Bitumens (49.23%);Sylvite (30.77%);;;80%;89,713,461;62,799,422;
6216;Pure Blind;93PI-4;5;1;Bitumens (19.1%);Sylvite (25.81%);Zeolites (35.09%);;80%;89,157,623;62,410,336;
6217;Pure Blind;93PI-4;5;2;Coesite (39.84%);Sylvite (24.37%);Titanite (35.79%);;100%;178,255,708;124,778,995;
6218;Pure Blind;93PI-4;5;3;Sylvite (29.32%);Zeolites (50.69%);;;80%;87,863,371;61,504,359;
6219;Pure Blind;93PI-4;5;4;Bitumens (18.28%);Coesite (33.66%);Zeolites (28.07%);;80%;90,059,611;63,041,728;
6220;Pure Blind;93PI-4;5;5;Bitumens (43.81%);Coesite (28.83%);Titanite (27.36%);;100%;167,961,001;117,572,701;
6221;Pure Blind;93PI-4;5;6;Bitumens (26%);Sylvite (54%);;;80%;85,453,468;59,817,427;
6222;Pure Blind;93PI-4;5;7;Bitumens (26.67%);Coesite (18.81%);Sylvite (34.53%);;80%;86,718,995;60,703,296;
6223;Pure Blind;93PI-4;5;8;Sylvite (31.19%);Zeolites (48.81%);;;80%;87,598,109;61,318,676;
6224;Pure Blind;93PI-4;5;9;Bitumens (17.14%);Sylvite (25.85%);Zeolites (37.02%);;80%;89,070,158;62,349,110;
6225;Pure Blind;93PI-4;5;10;Bitumens (26.23%);Sylvite (32.65%);Zeolites (21.13%);;80%;88,486,733;61,940,714;
6226;Pure Blind;93PI-4;5;11;Sylvite (34.86%);Zeolites (45.14%);;;80%;87,077,783;60,954,447;
6227;Pure Blind;93PI-4;5;12;Bitumens (27.06%);Coesite (20.89%);Sylvite (32.05%);;80%;86,918,283;60,842,798;
6228;Pure Blind;93PI-4;5;13;Bitumens (26.17%);Sylvite (30.11%);Zeolites (23.72%);;80%;88,844,062;62,190,845;
6229;Pure Blind;93PI-4;5;14;Bitumens (52.65%);Coesite (27.35%);;;80%;92,003,097;64,402,168;
6230;Pure Blind;93PI-4;5;15;Bitumens (46.94%);Sylvite (33.06%);;;80%;89,292,064;62,504,445;
6231;Pure Blind;93PI-4;5;16;Coesite (31.56%);Sylvite (18.22%);Zeolites (30.22%);;80%;86,884,728;60,819,309;
6232;Pure Blind;93PI-4;5;17;Bitumens (18.71%);Coesite (50.83%);Titanite (30.45%);;100%;171,168,044;119,817,632;
6233;Pure Blind;93PI-4;5;18;Bitumens (28.29%);Coesite (32.86%);Zeolites (18.86%);;80%;90,541,041;63,378,730;
6234;Pure Blind;93PI-4;5;19;Chromite (8.99%);Titanite (19.85%);Zeolites (41.16%);;70%;167,024,925;116,917,448;
6235;Pure Blind;93PI-4;5;20;Sylvite (29.43%);Zeolites (50.57%);;;80%;87,846,942;61,492,860;
6236;Pure Blind;93PI-4;5;21;Titanite (20.88%);Vanadinite (8.99%);Zeolites (40.13%);;70%;156,509,637;109,556,745;
6237;Pure Blind;93PI-4;5;22;Bitumens (21.18%);Sylvite (29.59%);Zeolites (29.23%);;80%;88,709,027;62,096,318;
6238;Pure Blind;93PI-4;6;1;Bitumens (23.44%);Sylvite (48.82%);Titanite (27.74%);;100%;163,256,149;114,279,304;
6239;Pure Blind;R-2R0G;2;1;Coesite (35.53%);Zeolites (44.47%);;;80%;89,143,689;62,400,582;
6240;Pure Blind;R-2R0G;3;1;Bitumens (27.4%);Coesite (23.42%);Sylvite (29.18%);;80%;87,134,303;60,994,012;
6241;Pure Blind;R-2R0G;3;2;Otavite (29.38%);Sperrylite (31.64%);Titanite (11.09%);Zeolites (27.9%);100%;509,413,490;356,589,442;Alliance owned
6242;Pure Blind;R-2R0G;4;1;Bitumens (36%);Coesite (25.38%);Sylvite (18.62%);;80%;88,829,545;62,180,682;
6243;Pure Blind;R-2R0G;4;2;Coesite (22.92%);Sylvite (32.6%);Zeolites (24.48%);;80%;85,544,951;59,881,465;
6244;Pure Blind;R-2R0G;5;1;Coesite (28.55%);Zeolites (51.46%);;;80%;89,708,318;62,795,823;
6245;Pure Blind;R-2R0G;6;1;Titanite (31.36%);Zeolites (68.64%);;;100%;176,271,995;123,390,397;
6246;Pure Blind;R-2R0G;6;2;Coesite (21.19%);Titanite (42.82%);Zeolites (35.99%);;100%;196,928,224;137,849,757;
6247;Pure Blind;R-2R0G;6;3;Bitumens (33.95%);Coesite (29.25%);Sylvite (16.8%);;80%;88,689,948;62,082,964;
6248;Pure Blind;R-2R0G;6;4;Bitumens (30.95%);Coesite (49.05%);;;80%;89,343,608;62,540,526;
6249;Pure Blind;R-2R0G;6;5;Sylvite (48.4%);Zeolites (31.6%);;;80%;85,160,618;59,612,433;
6250;Pure Blind;R-2R0G;6;6;Coesite (32.24%);Sylvite (16.76%);Zeolites (31.01%);;80%;87,036,506;60,925,554;
6251;Pure Blind;R-2R0G;6;7;Coesite (61.02%);Vanadinite (38.98%);;;100%;262,751,007;183,925,705;
6252;Pure Blind;R-2R0G;6;8;Coesite (33.48%);Sylvite (19.56%);Zeolites (26.97%);;80%;86,539,028;60,577,319;
6253;Pure Blind;R-2R0G;6;9;Coesite (26.61%);Sylvite (23.55%);Zeolites (29.84%);;80%;86,528,796;60,570,156;
6254;Pure Blind;R-2R0G;6;10;Bitumens (20.29%);Coesite (28.04%);Zeolites (31.67%);;80%;90,596,182;63,417,328;
6255;Pure Blind;R-2R0G;6;11;Bitumens (21.46%);Coesite (32.19%);Zeolites (26.36%);;80%;90,310,149;63,217,104;
6256;Pure Blind;R-2R0G;6;12;Bitumens (30.75%);Coesite (30.05%);Zeolites (19.2%);;80%;90,870,142;63,609,099;
6257;Pure Blind;R-2R0G;6;13;Coesite (28.02%);Sylvite (21.25%);Zeolites (30.73%);;80%;86,740,910;60,718,637;
6258;Pure Blind;R-2R0G;6;14;Bitumens (25.47%);Coesite (21.33%);Sylvite (33.2%);;80%;86,652,923;60,657,046;
6259;Pure Blind;R-2R0G;6;15;Bitumens (28.04%);Coesite (29.69%);Sylvite (22.27%);;80%;87,632,042;61,342,430;
6260;Pure Blind;R-2R0G;6;16;Coesite (55.43%);Zeolites (24.57%);;;80%;87,535,705;61,274,994;
6261;Pure Blind;R-2R0G;6;17;Bitumens (28.21%);Sylvite (51.79%);;;80%;85,857,811;60,100,467;
6262;Pure Blind;R-2R0G;6;18;Bitumens (53.39%);Sylvite (26.62%);;;80%;90,474,652;63,332,257;
6263;Pure Blind;R-2R0G;6;19;Bitumens (35.41%);Coesite (25.16%);Sylvite (19.43%);;80%;88,709,138;62,096,396;
6264;Pure Blind;R-2R0G;6;20;Bitumens (26.35%);Coesite (53.65%);;;80%;88,780,188;62,146,131;
6265;Pure Blind;R-2R0G;6;21;Sylvite (31.41%);Zeolites (48.59%);;;80%;87,566,668;61,296,668;
6266;Pure Blind;R-2R0G;8;1;Bitumens (51.8%);Coesite (28.2%);;;80%;91,898,796;64,329,157;
6267;Pure Blind;R-2R0G;8;2;Sylvite (51.88%);Zeolites (28.12%);;;80%;84,668,192;59,267,735;
6268;Pure Blind;R-2R0G;8;3;Coesite (33.06%);Sylvite (22.68%);Zeolites (24.26%);;80%;86,130,211;60,291,149;
6269;Pure Blind;R-2R0G;8;4;Bitumens (44.54%);Sylvite (26.51%);Titanite (28.95%);;100%;169,669,450;118,768,615;
6270;Pure Blind;R-2R0G;8;5;Sylvite (51.17%);Zeolites (28.84%);;;80%;84,768,887;59,338,220;
6271;Pure Blind;R-2R0G;8;6;Bitumens (50.25%);Sylvite (29.75%);;;80%;89,899,770;62,929,839;
6272;Pure Blind;R-2R0G;8;7;Bitumens (33%);Coesite (47%);;;80%;89,594,740;62,716,317;
6273;Pure Blind;R-2R0G;8;8;Bitumens (29.62%);Coesite (22.17%);Sylvite (28.21%);;80%;87,465,075;61,225,553;
6274;Pure Blind;R-2R0G;8;9;Bitumens (29.21%);Coesite (50.79%);;;80%;89,130,350;62,391,244;
6275;Pure Blind;R-2R0G;9;1;Bitumens (54.66%);Sylvite (25.34%);;;80%;90,708,272;63,495,791;
6276;Pure Blind;R-2R0G;9;2;Bitumens (20.62%);Sylvite (33.48%);Zeolites (25.91%);;80%;88,134,678;61,694,274;
6277;Pure Blind;WW-KGD;2;1;Bitumens (29.15%);Sylvite (33.28%);Zeolites (17.57%);;80%;88,517,633;61,962,344;
6278;Pure Blind;WW-KGD;3;1;Coesite (28.96%);Zeolites (51.04%);;;80%;89,675,105;62,772,574;
6279;Pure Blind;WW-KGD;4;1;Bitumens (29.34%);Coesite (20.44%);Sylvite (30.22%);;80%;87,308,217;61,115,753;
6280;Pure Blind;WW-KGD;4;2;Bitumens (20.04%);Coesite (33.01%);Zeolites (26.95%);;80%;90,184,195;63,128,937;
6281;Pure Blind;WW-KGD;5;1;Sylvite (30.02%);Zeolites (49.99%);;;80%;87,764,234;61,434,964;
6282;Pure Blind;WW-KGD;5;2;Bitumens (50.63%);Sylvite (29.37%);;;80%;89,968,719;62,978,103;
6283;Pure Blind;WW-KGD;6;1;Bitumens (27.64%);Coesite (25.88%);Titanite (28.39%);Zeolites (18.09%);100%;169,529,786;118,670,851;Alliance owned
6284;Pure Blind;WW-KGD;6;2;Sylvite (31.63%);Zeolites (48.37%);;;80%;87,535,228;61,274,659;
6285;Pure Blind;XQ-PXU;4;1;Bitumens (20.64%);Sylvite (29.16%);Zeolites (30.2%);;80%;88,747,903;62,123,533;
6286;Pure Blind;XQ-PXU;5;1;Coesite (34.26%);Zeolites (45.74%);;;80%;89,246,724;62,472,706;
6287;Pure Blind;XQ-PXU;5;2;Sylvite (49.72%);Zeolites (30.28%);;;80%;84,973,392;59,481,374;
6288;Pure Blind;XQ-PXU;5;3;Bitumens (49.84%);Sylvite (30.17%);;;80%;89,823,670;62,876,568;
6289;Pure Blind;XQ-PXU;5;4;Bitumens (24.26%);Coesite (27.99%);Zeolites (27.75%);;80%;90,766,016;63,536,210;
6290;Pure Blind;XQ-PXU;5;5;Bitumens (28.97%);Sylvite (51.03%);;;80%;85,996,809;60,197,767;
6291;Pure Blind;XQ-PXU;6;1;Bitumens (30.15%);Coesite (31.58%);Zeolites (18.27%);;80%;90,722,021;63,505,414;
6292;Pure Blind;XQ-PXU;6;2;Coesite (20.32%);Sylvite (17.78%);Titanite (42.9%);Zeolites (18.99%);100%;194,648,719;136,254,103;Alliance owned
6293;Pure Blind;MQ-NPY;1;1;Sylvite (37.31%);Zeolites (42.69%);;;80%;86,730,945;60,711,662;
6294;Pure Blind;MQ-NPY;2;1;Coesite (28.05%);Zeolites (51.95%);;;80%;89,748,481;62,823,937;
6295;Pure Blind;MQ-NPY;3;1;Bitumens (29.82%);Sylvite (50.18%);;;80%;86,153,962;60,307,773;
6296;Pure Blind;MQ-NPY;3;2;Sylvite (42.78%);Zeolites (37.23%);;;80%;85,957,112;60,169,978;
6297;Pure Blind;MQ-NPY;3;3;Bitumens (18.6%);Coesite (29%);Zeolites (32.4%);;80%;90,448,325;63,313,827;
6298;Pure Blind;MQ-NPY;3;4;Bitumens (45.49%);Chromite (38.2%);Coesite (16.32%);;100%;318,543,353;222,980,347;
6299;Pure Blind;MQ-NPY;3;5;Bitumens (32.94%);Coesite (18.54%);Sylvite (28.53%);;80%;87,852,093;61,496,464;
6300;Pure Blind;MQ-NPY;3;6;Coesite (33.92%);Titanite (46%);Zeolites (20.08%);;100%;202,128,176;141,489,723;
6301;Pure Blind;MQ-NPY;3;7;Bitumens (29.59%);Sylvite (50.41%);;;80%;86,111,419;60,277,993;
6302;Pure Blind;MQ-NPY;3;8;Cobaltite (21.2%);Titanite (40.99%);Zeolites (37.81%);;100%;213,709,166;149,596,417;
6303;Pure Blind;MQ-NPY;3;9;Bitumens (38.37%);Pollucite (17.11%);Sylvite (33.15%);Zeolites (11.37%);100%;293,488,051;205,441,635;Alliance owned
6304;Pure Blind;MQ-NPY;3;10;Bitumens (39.46%);Otavite (8.33%);Titanite (22.21%);;70%;171,728,822;120,210,175;
6305;Pure Blind;MQ-NPY;3;11;Bitumens (28.26%);Sylvite (22.31%);Titanite (28.44%);Zeolites (20.99%);100%;168,581,108;118,006,774;
6306;Pure Blind;MQ-NPY;3;12;Coesite (28.17%);Sylvite (20.41%);Zeolites (31.43%);;80%;86,848,805;60,794,163;
6307;Pure Blind;MQ-NPY;3;13;Sylvite (25.28%);Zeolites (54.72%);;;80%;88,434,682;61,904,277;
6308;Pure Blind;MQ-NPY;3;14;Bitumens (51.99%);Coesite (28.01%);;;80%;91,921,716;64,345,200;
6309;Pure Blind;MQ-NPY;3;15;Bitumens (28.08%);Sylvite (51.92%);;;80%;85,834,155;60,083,908;
6310;Pure Blind;MQ-NPY;3;16;Bitumens (49.99%);Coesite (30.02%);;;80%;91,676,467;64,173,527;
6311;Pure Blind;MQ-NPY;3;17;Bitumens (29.13%);Sylvite (50.87%);;;80%;86,026,883;60,218,818;
6312;Pure Blind;MQ-NPY;3;18;Coesite (25.62%);Zeolites (54.39%);;;80%;89,945,095;62,961,566;
6313;Pure Blind;MQ-NPY;4;1;Sylvite (51.55%);Zeolites (28.45%);;;80%;84,714,220;59,299,953;
6314;Pure Blind;MQ-NPY;4;2;Bitumens (34.91%);Sylvite (45.09%);;;80%;87,086,976;60,960,883;
6315;Pure Blind;MQ-NPY;5;1;Bitumens (27.89%);Coesite (52.11%);;;80%;88,968,812;62,278,169;
6316;Pure Blind;MQ-NPY;5;2;Bitumens (16.64%);Vanadinite (31.33%);Zeolites (32.03%);;80%;215,423,367;150,796,357;
6317;Pure Blind;MQ-NPY;5;3;Sylvite (49.67%);Zeolites (30.33%);;;80%;84,981,039;59,486,727;
6318;Pure Blind;MQ-NPY;5;4;Coesite (41.8%);Sylvite (22.79%);Titanite (35.41%);;100%;177,580,697;124,306,488;
6319;Pure Blind;MQ-NPY;5;5;Coesite (19.08%);Titanite (28.41%);Zeolites (52.51%);;100%;168,970,582;118,279,408;
6320;Pure Blind;MQ-NPY;5;6;Bitumens (56.05%);Sylvite (23.95%);;;80%;90,963,164;63,674,215;
6321;Pure Blind;MQ-NPY;5;7;Bitumens (16.74%);Coesite (33.84%);Zeolites (29.42%);;80%;89,978,432;62,984,903;
6322;Pure Blind;MQ-NPY;5;8;Coesite (28.32%);Sylvite (18.27%);Zeolites (33.42%);;80%;87,140,062;60,998,043;
6323;Pure Blind;MQ-NPY;5;9;Bitumens (17.62%);Otavite (47.25%);Zeolites (35.13%);;100%;377,712,970;264,399,079;
6324;Pure Blind;MQ-NPY;5;10;Bitumens (48.14%);Sylvite (31.86%);;;80%;89,512,665;62,658,865;
6325;Pure Blind;MQ-NPY;5;11;Bitumens (28.87%);Coesite (28.69%);Zeolites (22.44%);;80%;90,901,594;63,631,116;
6326;Pure Blind;MQ-NPY;5;12;Bitumens (28.81%);Coesite (51.19%);;;80%;89,081,692;62,357,184;
6327;Pure Blind;MQ-NPY;5;13;Bitumens (33.93%);Sylvite (46.08%);;;80%;86,906,167;60,834,317;
6328;Pure Blind;MQ-NPY;5;14;Bitumens (30.15%);Coesite (29.8%);Zeolites (20.05%);;80%;90,865,667;63,605,967;
6329;Pure Blind;MQ-NPY;5;15;Bitumens (38.75%);Titanite (37.8%);Zeolites (23.45%);;100%;190,462,137;133,323,497;
6330;Pure Blind;MQ-NPY;5;16;Bitumens (31.17%);Sylvite (48.83%);;;80%;86,400,969;60,480,677;
6331;Pure Blind;MQ-NPY;5;17;Bitumens (29.27%);Sylvite (50.73%);;;80%;86,052,739;60,236,917;
6332;Pure Blind;MQ-NPY;5;18;Chromite (61.33%);Sylvite (30.34%);Titanite (8.33%);;100%;452,817,935;316,972,554;
6333;Pure Blind;MQ-NPY;5;19;Coesite (23.12%);Zeolites (56.88%);;;80%;90,146,639;63,102,647;
6334;Pure Blind;MQ-NPY;5;20;Chromite (11.77%);Coesite (39.89%);Titanite (18.34%);;70%;175,657,730;122,960,410;
6335;Pure Blind;MQ-NPY;5;21;Bitumens (29.01%);Coesite (34.14%);Zeolites (16.85%);;80%;90,466,853;63,326,798;
6336;Pure Blind;MQ-NPY;5;22;Bitumens (23.67%);Coesite (30.09%);Zeolites (26.24%);;80%;90,571,594;63,400,115;
6337;Pure Blind;MQ-NPY;5;23;Bitumens (51.52%);Sylvite (28.48%);;;80%;90,132,291;63,092,603;
6338;Pure Blind;MQ-NPY;5;24;Bitumens (25.27%);Coesite (33.15%);Zeolites (21.58%);;80%;90,391,445;63,274,012;
6339;Pure Blind;RQH-MY;1;1;Coesite (31.39%);Sperrylite (26.34%);Titanite (11.28%);Zeolites (30.99%);100%;309,202,292;216,441,604;Reserved
6340;Pure Blind;RQH-MY;2;1;Bitumens (24.89%);Coesite (29.1%);Zeolites (26.01%);;80%;90,702,826;63,491,978;
6341;Pure Blind;RQH-MY;3;1;Bitumens (45.5%);Coesite (34.5%);;;80%;91,126,283;63,788,398;
6342;Pure Blind;RQH-MY;3;2;Sylvite (36.44%);Titanite (35.05%);Zeolites (28.51%);;100%;178,315,781;124,821,047;
6343;Pure Blind;RQH-MY;3;3;Coesite (16.98%);Sylvite (35.25%);Zeolites (27.77%);;80%;85,650,614;59,955,431;
6344;Pure Blind;RQH-MY;3;4;Bitumens (18.56%);Coesite (18.97%);Otavite (43.19%);Sylvite (19.29%);100%;350,994,320;245,696,024;
6345;Pure Blind;RQH-MY;3;5;Coesite (50.32%);Zeolites (29.68%);;;80%;87,948,731;61,564,112;
6346;Pure Blind;RQH-MY;3;6;Coesite (23.31%);Sylvite (27.86%);Zeolites (28.84%);;80%;86,186,753;60,330,727;
6347;Pure Blind;RQH-MY;3;7;Bitumens (28.32%);Sylvite (29.63%);Zeolites (22.04%);;80%;89,000,717;62,300,501;
6348;Pure Blind;RQH-MY;3;8;Coesite (33.95%);Zeolites (46.06%);;;80%;89,271,936;62,490,355;
6349;Pure Blind;RQH-MY;3;9;Sylvite (26.29%);Zeolites (53.71%);;;80%;88,291,500;61,804,050;
6350;Pure Blind;RQH-MY;3;10;Coesite (27.56%);Sylvite (18.52%);Zeolites (33.92%);;80%;87,165,527;61,015,869;
6351;Pure Blind;RQH-MY;3;11;Bitumens (46.39%);Coesite (33.61%);;;80%;91,235,854;63,865,098;
6352;Pure Blind;RQH-MY;3;12;Bitumens (25.06%);Sylvite (31.82%);Zeolites (23.12%);;80%;88,554,117;61,987,881;
6353;Pure Blind;RQH-MY;3;13;Coesite (20.78%);Sylvite (29.33%);Zeolites (29.89%);;80%;86,182,470;60,327,728;
6354;Pure Blind;RQH-MY;3;14;Coesite (28.32%);Sylvite (20.09%);Zeolites (31.59%);;80%;86,881,375;60,816,962;
6355;Pure Blind;RQH-MY;3;15;Sylvite (47.13%);Zeolites (32.87%);;;80%;85,340,906;59,738,634;
6356;Pure Blind;RQH-MY;3;16;Coesite (30.47%);Zeolites (49.53%);;;80%;89,552,514;62,686,759;
6357;Pure Blind;RQH-MY;3;17;Bitumens (28.9%);Coesite (17.3%);Sylvite (33.8%);;80%;87,036,886;60,925,821;
6358;Pure Blind;RQH-MY;3;18;Coesite (47.29%);Titanite (29.72%);Zeolites (22.99%);;100%;169,243,677;118,470,574;
6359;Pure Blind;RQH-MY;3;19;Bitumens (29.31%);Coesite (50.69%);;;80%;89,142,606;62,399,824;
6360;Pure Blind;RQH-MY;3;20;Bitumens (30.85%);Coesite (27.89%);Zeolites (21.26%);;80%;91,049,647;63,734,753;
6361;Pure Blind;RQH-MY;3;21;Bitumens (50.62%);Coesite (29.38%);;;80%;91,753,927;64,227,749;
6362;Pure Blind;RQH-MY;4;1;Bitumens (28.78%);Coesite (23.01%);Titanite (28.26%);Zeolites (19.96%);100%;169,547,836;118,683,484;
6363;Pure Blind;RQH-MY;4;2;Cobaltite (19.94%);Coesite (19.82%);Sylvite (22.4%);Titanite (37.84%);100%;201,683,756;141,178,629;
6364;Pure Blind;RQH-MY;4;3;Coesite (48.97%);Zeolites (31.03%);;;80%;88,057,504;61,640,253;
6365;Pure Blind;RQH-MY;4;4;Bitumens (18.91%);Sylvite (34.08%);Zeolites (27.01%);;80%;87,976,733;61,583,713;
6366;Pure Blind;RQH-MY;4;5;Coesite (20.52%);Sylvite (32.05%);Zeolites (27.43%);;80%;85,817,619;60,072,333;
6367;Pure Blind;RQH-MY;4;6;Bitumens (20.43%);Coesite (32.5%);Zeolites (27.07%);;80%;90,242,431;63,169,701;
6368;Pure Blind;RQH-MY;4;7;Bitumens (25.39%);Sylvite (54.61%);;;80%;85,341,242;59,738,869;
6369;Pure Blind;RQH-MY;4;8;Sylvite (24.99%);Zeolites (55.01%);;;80%;88,475,611;61,932,928;
6370;Pure Blind;RQH-MY;4;9;Bitumens (28.39%);Coesite (51.61%);;;80%;89,029,970;62,320,979;
6371;Pure Blind;RQH-MY;4;10;Bitumens (30.46%);Sylvite (31.14%);Zeolites (18.4%);;80%;88,876,670;62,213,669;
6372;Pure Blind;RQH-MY;4;11;Coesite (36.31%);Titanite (21.51%);Vanadinite (12.18%);;70%;167,291,652;117,104,156;
6373;Pure Blind;RQH-MY;4;12;Bitumens (23.03%);Titanite (42.72%);Zeolites (34.25%);;100%;199,421,558;139,595,090;
6374;Pure Blind;RQH-MY;4;13;Coesite (31.96%);Sylvite (20.32%);Zeolites (27.72%);;80%;86,554,973;60,588,481;
6375;Pure Blind;RQH-MY;4;14;Bitumens (30.08%);Coesite (31.29%);Zeolites (18.63%);;80%;90,741,018;63,518,713;
6376;Pure Blind;RQH-MY;4;15;Coesite (47.26%);Zeolites (32.74%);;;80%;88,196,176;61,737,323;
6377;Pure Blind;RQH-MY;4;16;Bitumens (50%);Titanite (29.6%);Zeolites (20.4%);;100%;174,921,980;122,445,386;
6378;Pure Blind;RQH-MY;4;17;Bitumens (53.66%);Sylvite (26.34%);;;80%;90,525,080;63,367,556;
6379;Pure Blind;RQH-MY;4;18;Bitumens (27.73%);Sylvite (52.28%);;;80%;85,769,240;60,038,468;
6380;Pure Blind;RQH-MY;5;1;Coesite (42.1%);Otavite (11.66%);Titanite (16.24%);;70%;173,464,407;121,425,085;
6381;Pure Blind;RQH-MY;5;2;Coesite (52.83%);Zeolites (27.17%);;;80%;87,745,975;61,422,183;
6382;Pure Blind;RQH-MY;5;3;Bitumens (21.63%);Sylvite (26.52%);Zeolites (31.85%);;80%;89,163,084;62,414,159;
6383;Pure Blind;RQH-MY;5;4;Bitumens (50.71%);Sylvite (29.29%);;;80%;89,983,572;62,988,501;
6384;Pure Blind;D2-HOS;2;1;Bitumens (19.85%);Sylvite (22.9%);Titanite (35.19%);Zeolites (22.07%);100%;181,337,259;126,936,082;
6385;Pure Blind;D2-HOS;2;2;Bitumens (46.42%);Coesite (24.07%);Titanite (29.52%);;100%;172,657,868;120,860,508;
6386;Pure Blind;D2-HOS;3;1;Bitumens (52.29%);Sylvite (27.71%);;;80%;90,274,589;63,192,212;
6387;Pure Blind;D2-HOS;3;2;Coesite (40.5%);Otavite (8.89%);Titanite (20.62%);;70%;166,777,323;116,744,126;
6388;Pure Blind;D2-HOS;3;3;Coesite (51.4%);Zeolites (28.6%);;;80%;87,861,536;61,503,076;
6389;Pure Blind;D2-HOS;4;1;Coesite (29.18%);Zeolites (50.82%);;;80%;89,656,922;62,759,846;
6390;Pure Blind;D2-HOS;4;2;Bitumens (46.54%);Coesite (33.46%);;;80%;91,253,871;63,877,710;
6391;Pure Blind;D2-HOS;4;3;Chromite (9.5%);Sylvite (40.88%);Titanite (19.61%);;70%;163,525,681;114,467,977;
6392;Pure Blind;D2-HOS;4;4;Sylvite (53.27%);Zeolites (26.73%);;;80%;84,470,201;59,129,141;
6393;Pure Blind;D2-HOS;4;5;Loparite (20.51%);Monazite (21.34%);Otavite (29.35%);Vanadinite (28.8%);100%;2,225,607,694;1,557,925,386;Alliance owned
6394;Pure Blind;D2-HOS;4;6;Bitumens (17.2%);Chromite (42.46%);Sylvite (21.93%);Vanadinite (18.41%);100%;410,320,884;287,224,620;
6395;Pure Blind;D2-HOS;4;7;Bitumens (27.99%);Coesite (32.13%);Sylvite (19.88%);;80%;87,771,989;61,440,392;
6396;Pure Blind;D2-HOS;4;8;Bitumens (53.05%);Sylvite (26.95%);;;80%;90,412,855;63,288,998;
6397;Pure Blind;D2-HOS;4;9;Bitumens (51.11%);Coesite (28.89%);;;80%;91,814,718;64,270,303;
6398;Pure Blind;D2-HOS;4;10;Bitumens (36.43%);Coesite (43.58%);;;80%;90,014,517;63,010,162;
6399;Pure Blind;D2-HOS;4;11;Bitumens (28.49%);Coesite (51.51%);;;80%;89,042,472;62,329,731;
6400;Pure Blind;D2-HOS;4;12;Bitumens (27.82%);Coesite (22%);Sylvite (30.19%);;80%;87,123,319;60,986,323;
6401;Pure Blind;D2-HOS;4;13;Bitumens (47.28%);Sylvite (32.72%);;;80%;89,354,962;62,548,474;
6402;Pure Blind;D2-HOS;4;14;Bitumens (45.55%);Coesite (34.45%);;;80%;91,133,024;63,793,117;
6403;Pure Blind;D2-HOS;4;15;Coesite (47.58%);Zeolites (32.42%);;;80%;88,169,832;61,718,882;
6404;Pure Blind;D2-HOS;4;16;Bitumens (25.37%);Sylvite (26.39%);Zeolites (28.24%);;80%;89,335,152;62,534,608;
6405;Pure Blind;D2-HOS;4;17;Sylvite (48.76%);Zeolites (31.24%);;;80%;85,110,059;59,577,041;
6406;Pure Blind;D2-HOS;4;18;Bitumens (48.79%);Coesite (31.21%);;;80%;91,530,005;64,071,003;
6407;Pure Blind;D2-HOS;5;1;Coesite (25.84%);Zeolites (54.16%);;;80%;89,926,993;62,948,896;
6408;Pure Blind;D2-HOS;5;2;Chromite (61.69%);Pollucite (28.31%);;;90%;731,721,963;512,205,374;Alliance owned
6409;Pure Blind;D2-HOS;5;3;Coesite (19.49%);Sylvite (29.12%);Zeolites (31.39%);;80%;86,316,298;60,421,409;
6410;Pure Blind;D2-HOS;5;4;Chromite (18.69%);Sylvite (17.6%);Vanadinite (44.12%);Zeolites (19.59%);100%;384,629,205;269,240,443;
6411;Pure Blind;D2-HOS;5;5;Bitumens (21.79%);Sylvite (31.72%);Zeolites (26.49%);;80%;88,433,561;61,903,493;
6412;Pure Blind;D2-HOS;5;6;Bitumens (31.05%);Coesite (48.95%);;;80%;89,355,987;62,549,191;
6413;Pure Blind;D2-HOS;5;7;Bitumens (19.65%);Coesite (18.53%);Scheelite (17.84%);Titanite (43.99%);100%;223,807,865;156,665,506;
6414;Pure Blind;D2-HOS;5;8;Coesite (23.66%);Euxenite (18.41%);Sylvite (19.77%);Titanite (38.17%);100%;207,544,132;145,280,892;
6415;Pure Blind;D2-HOS;5;9;Sylvite (48.54%);Zeolites (31.46%);;;80%;85,141,074;59,598,752;
6416;Pure Blind;D2-HOS;5;10;Sylvite (45.58%);Zeolites (34.42%);;;80%;85,559,573;59,891,701;
6417;Pure Blind;D2-HOS;5;11;Sylvite (34.85%);Zeolites (45.15%);;;80%;87,079,624;60,955,736;
6418;Pure Blind;D2-HOS;5;12;Bitumens (31.71%);Sylvite (28.55%);Zeolites (19.74%);;80%;89,295,423;62,506,797;
6419;Pure Blind;D2-HOS;5;13;Bitumens (35.64%);Coesite (44.36%);;;80%;89,918,673;62,943,071;
6420;Pure Blind;D2-HOS;5;14;Bitumens (17.37%);Coesite (18.89%);Titanite (42.08%);Zeolites (21.66%);100%;196,399,956;137,479,970;
6421;Pure Blind;D2-HOS;5;15;Coesite (38%);Sperrylite (12.82%);Titanite (19.18%);;70%;199,937,149;139,956,006;
6422;Pure Blind;D2-HOS;5;16;Bitumens (17.18%);Coesite (30.26%);Zeolites (32.57%);;80%;90,286,807;63,200,764;
6423;Pure Blind;D2-HOS;5;17;Coesite (37.49%);Titanite (22.08%);Vanadinite (10.43%);;70%;161,453,840;113,017,688;
6424;Pure Blind;D2-HOS;5;18;Coesite (32.06%);Pollucite (15.8%);Scheelite (9.1%);Vanadinite (43.05%);100%;460,701,398;322,490,978;Alliance owned
6425;Pure Blind;D2-HOS;5;19;Coesite (30.32%);Sylvite (18.23%);Zeolites (31.45%);;80%;86,983,175;60,888,221;
6426;Pure Blind;D2-HOS;5;20;Bitumens (29.78%);Sylvite (30.43%);Zeolites (19.79%);;80%;88,948,757;62,264,131;
6427;Pure Blind;D2-HOS;5;21;Bitumens (35.36%);Coesite (19.17%);Sylvite (25.47%);;80%;88,335,153;61,834,607;
6428;Pure Blind;Y2-6EA;2;1;Bitumens (39.14%);Otavite (9.49%);Titanite (21.37%);;70%;176,497,711;123,548,397;
6429;Pure Blind;Y2-6EA;3;1;Coesite (29.25%);Zeolites (50.75%);;;80%;89,651,669;62,756,168;
6430;Pure Blind;Y2-6EA;4;1;Coesite (27.8%);Sylvite (21.48%);Zeolites (30.72%);;80%;86,727,345;60,709,142;
6431;Pure Blind;Y2-6EA;4;2;Bitumens (30.31%);Coesite (32.3%);Zeolites (17.39%);;80%;90,668,996;63,468,298;
6432;Pure Blind;Y2-6EA;4;3;Bitumens (49.61%);Coesite (30.39%);;;80%;91,630,016;64,141,011;
6433;Pure Blind;Y2-6EA;4;4;Bitumens (43.41%);Chromite (9.41%);Titanite (17.18%);;70%;165,884,530;116,119,171;
6434;Pure Blind;Y2-6EA;5;1;Coesite (58.57%);Titanite (24.34%);Zeolites (17.09%);;100%;157,821,924;110,475,346;
6435;Pure Blind;Y2-6EA;5;2;Bitumens (23.16%);Sylvite (30.5%);Zeolites (26.34%);;80%;88,662,125;62,063,488;
6436;Pure Blind;Y2-6EA;5;3;Bitumens (25.39%);Coesite (32.85%);Sylvite (21.76%);;80%;87,338,633;61,137,043;
6437;Pure Blind;Y2-6EA;5;4;Bitumens (29.55%);Sylvite (27.98%);Zeolites (22.48%);;80%;89,286,674;62,500,672;
6438;Pure Blind;Y2-6EA;5;5;Bitumens (28.13%);Coesite (33.63%);Sylvite (18.24%);;80%;87,888,393;61,521,875;
6439;Pure Blind;Y2-6EA;5;6;Bitumens (48.31%);Coesite (31.7%);;;80%;91,470,562;64,029,393;
6440;Pure Blind;Y2-6EA;5;7;Sylvite (30.76%);Zeolites (49.24%);;;80%;87,659,149;61,361,404;
6441;Pure Blind;Y2-6EA;5;8;Bitumens (20.96%);Sylvite (32.37%);Zeolites (26.67%);;80%;88,304,909;61,813,437;
6442;Pure Blind;Y2-6EA;5;9;Sylvite (49.81%);Zeolites (30.19%);;;80%;84,960,928;59,472,650;
6443;Pure Blind;Y2-6EA;5;10;Coesite (23.18%);Sylvite (26.51%);Zeolites (30.31%);;80%;86,387,742;60,471,420;
6444;Pure Blind;Y2-6EA;5;11;Coesite (34.74%);Sylvite (18.29%);Zeolites (26.97%);;80%;86,616,077;60,631,254;
6445;Pure Blind;Y2-6EA;5;12;Bitumens (21.77%);Coesite (26.87%);Zeolites (31.36%);;80%;90,752,445;63,526,712;
6446;Pure Blind;Y2-6EA;5;13;Coesite (54.42%);Zeolites (25.58%);;;80%;87,617,082;61,331,958;
6447;Pure Blind;Y2-6EA;5;14;Bitumens (26.76%);Coesite (20.52%);Sylvite (23.27%);Titanite (29.46%);100%;168,711,079;118,097,755;
6448;Pure Blind;Y2-6EA;5;15;Coesite (30.02%);Sylvite (19.76%);Zeolites (30.22%);;80%;86,790,955;60,753,668;
6449;Pure Blind;Y2-6EA;5;16;Bitumens (30.31%);Coesite (19.21%);Sylvite (30.48%);;80%;87,411,109;61,187,777;
6450;Pure Blind;Y2-6EA;5;17;Otavite (10.39%);Sylvite (42.41%);Titanite (17.2%);;70%;165,725,547;116,007,883;
6451;Pure Blind;Y2-6EA;5;18;Bitumens (19.17%);Coesite (25.87%);Zeolites (34.96%);;80%;90,725,107;63,507,574;
6452;Pure Blind;Y2-6EA;5;19;Bitumens (18.4%);Sylvite (30.82%);Zeolites (30.77%);;80%;88,417,327;61,892,129;
6453;Pure Blind;Y2-6EA;5;20;Sperrylite (9.59%);Titanite (18.99%);Zeolites (41.42%);;70%;181,203,853;126,842,697;
6454;Pure Blind;Y2-6EA;5;21;Coesite (49.81%);Zeolites (30.19%);;;80%;87,989,622;61,592,736;
6455;Pure Blind;Y2-6EA;5;22;Coesite (25.82%);Sylvite (22.04%);Titanite (25.66%);Zeolites (26.48%);100%;159,923,789;111,946,652;
6456;Pure Blind;Y2-6EA;5;23;Coesite (54.21%);Zeolites (25.8%);;;80%;87,634,699;61,344,289;
6457;Pure Blind;Y2-6EA;5;24;Coesite (27.74%);Sylvite (21.58%);Zeolites (30.69%);;80%;86,717,996;60,702,597;
6458;Pure Blind;Y2-6EA;5;25;Coesite (33.86%);Sylvite (21.05%);Zeolites (25.09%);;80%;86,297,883;60,408,519;
6459;Pure Blind;Y2-6EA;6;1;Sylvite (20.94%);Titanite (57.09%);Zeolites (21.97%);;100%;223,555,766;156,489,036;
6460;Pure Blind;Y2-6EA;6;2;Coesite (40.53%);Sylvite (24.65%);Titanite (34.82%);;100%;176,262,500;123,383,751;
6461;Pure Blind;Y2-6EA;6;3;Bitumens (18.25%);Sylvite (29.48%);Zeolites (32.27%);;80%;88,602,715;62,021,901;
6462;Pure Blind;Y2-6EA;6;4;Bitumens (31.47%);Coesite (48.53%);;;80%;89,407,341;62,585,139;
6463;Pure Blind;Y2-6EA;6;5;Coesite (45.14%);Sylvite (20%);Titanite (34.87%);;100%;176,637,092;123,645,965;
6464;Pure Blind;Y2-6EA;6;6;Coesite (21.43%);Sylvite (32.6%);Zeolites (25.97%);;80%;85,665,762;59,966,033;
6465;Pure Blind;Y2-6EA;6;7;Coesite (76.53%);Titanite (23.47%);;;100%;154,671,596;108,270,117;
6466;Pure Blind;Y2-6EA;6;8;Bitumens (33.62%);Coesite (19.08%);Sylvite (27.3%);;80%;88,008,801;61,606,160;
6467;Pure Blind;Y2-6EA;6;9;Bitumens (35.83%);Sperrylite (10.96%);Titanite (23.21%);;70%;200,027,597;140,019,318;Reserved
6468;Pure Blind;Y2-6EA;6;10;Coesite (45.73%);Zeolites (34.27%);;;80%;88,319,655;61,823,759;
6469;Pure Blind;Y2-6EA;6;11;Coesite (22.98%);Sylvite (45.39%);Titanite (31.64%);;100%;168,520,237;117,964,166;
6470;Pure Blind;Y2-6EA;6;12;Bitumens (45.35%);Coesite (34.65%);;;80%;91,108,880;63,776,216;
6471;Pure Blind;Y2-6EA;6;13;Coesite (23.14%);Sylvite (32.31%);Zeolites (24.55%);;80%;85,569,779;59,898,845;
6472;Pure Blind;TFA0-U;5;1;Chromite (30.2%);Loparite (19.74%);Otavite (30.23%);Xenotime (19.83%);100%;2,214,413,412;1,550,089,388;Alliance owned
6473;Pure Blind;TFA0-U;10;2;Chromite (26.04%);Pollucite (32.26%);Titanite (21.84%);Zeolites (19.87%);100%;638,361,128;446,852,791;Alliance owned
6474;Pure Blind;HPS5-C;1;1;Bitumens (39.49%);Titanite (34.42%);Zeolites (26.09%);;100%;183,891,302;128,723,912;
6475;Pure Blind;HPS5-C;2;1;Sylvite (45.1%);Zeolites (34.9%);;;80%;85,628,261;59,939,783;
6476;Pure Blind;HPS5-C;3;1;Coesite (51.97%);Zeolites (28.03%);;;80%;87,815,635;61,470,945;
6477;Pure Blind;HPS5-C;3;2;Bitumens (20.41%);Coesite (21.91%);Sylvite (16.74%);Titanite (40.94%);100%;191,695,738;134,187,017;
6478;Pure Blind;HPS5-C;4;1;Coesite (17.99%);Monazite (22.15%);Titanite (9.87%);;50%;1,103,412,337;772,388,635;Alliance owned
6479;Pure Blind;HPS5-C;5;1;Bitumens (29.03%);Coesite (28.85%);Zeolites (22.12%);;80%;90,896,743;63,627,720;
6480;Pure Blind;HPS5-C;5;2;Sylvite (31.87%);Zeolites (48.13%);;;80%;87,501,380;61,250,966;
6481;Pure Blind;HPS5-C;5;3;Coesite (21.24%);Sylvite (40.49%);Titanite (38.27%);;100%;182,319,511;127,623,657;
6482;Pure Blind;HPS5-C;5;4;Bitumens (48.25%);Coesite (31.75%);;;80%;91,464,066;64,024,846;
6483;Pure Blind;HPS5-C;5;5;Sylvite (23.73%);Titanite (36.9%);Zeolites (39.37%);;100%;183,729,625;128,610,737;
6484;Pure Blind;HPS5-C;5;6;Bitumens (24.88%);Coesite (34.8%);Zeolites (20.32%);;80%;90,242,063;63,169,444;
6485;Pure Blind;HPS5-C;5;7;Coesite (40.75%);Sylvite (18.24%);Vanadinite (41.01%);;100%;269,764,612;188,835,228;Reserved
6486;Pure Blind;HPS5-C;5;8;Coesite (18.6%);Euxenite (22.29%);Sylvite (17.69%);Titanite (41.43%);100%;219,398,063;153,578,643;
6487;Pure Blind;HPS5-C;5;9;Bitumens (29.69%);Coesite (50.31%);;;80%;89,188,812;62,432,168;
6488;Pure Blind;HPS5-C;5;10;Bitumens (54.73%);Sylvite (25.27%);;;80%;90,722,025;63,505,418;
6489;Pure Blind;HPS5-C;5;11;Coesite (42.78%);Zeolites (37.22%);;;80%;88,558,049;61,990,635;
6490;Pure Blind;HPS5-C;5;12;Bitumens (32.39%);Coesite (22.69%);Sylvite (24.93%);;80%;88,002,478;61,601,735;
6491;Pure Blind;HPS5-C;5;13;Bitumens (31.04%);Coesite (28.08%);Sylvite (20.89%);;80%;88,083,832;61,658,682;
6492;Pure Blind;HPS5-C;5;14;Bitumens (32.34%);Coesite (20.43%);Sylvite (27.23%);;80%;87,858,868;61,501,208;
6493;Pure Blind;HPS5-C;5;15;Otavite (25.13%);Pollucite (33.44%);Titanite (31.43%);;90%;659,112,022;461,378,415;Alliance owned
6494;Pure Blind;HPS5-C;5;16;Coesite (31.9%);Zeolites (48.1%);;;80%;89,436,873;62,605,811;
6495;Pure Blind;HPS5-C;5;17;Bitumens (27.38%);Sylvite (22.35%);Titanite (32.27%);Zeolites (18%);100%;176,027,357;123,219,149;Reserved
6496;Pure Blind;HPS5-C;5;18;Coesite (51.18%);Zeolites (28.82%);;;80%;87,879,072;61,515,350;
6497;Pure Blind;HPS5-C;5;19;Bitumens (26.2%);Coesite (30.97%);Sylvite (22.83%);;80%;87,372,104;61,160,473;
6498;Pure Blind;HPS5-C;5;20;Sylvite (29.75%);Zeolites (50.25%);;;80%;87,801,198;61,460,838;
6499;Pure Blind;HPS5-C;5;21;Bitumens (50.39%);Coesite (29.61%);;;80%;91,726,595;64,208,616;
6500;Pure Blind;HPS5-C;6;1;Sylvite (37.83%);Zeolites (42.18%);;;80%;86,658,150;60,660,705;
6501;Pure Blind;HPS5-C;6;2;Coesite (33.47%);Zeolites (46.53%);;;80%;89,310,403;62,517,282;
6502;Pure Blind;DT-TCD;1;1;Bitumens (24.93%);Sylvite (46.8%);Titanite (28.27%);;100%;164,635,758;115,245,031;
6503;Pure Blind;DT-TCD;2;1;Bitumens (19.57%);Sylvite (30.51%);Zeolites (29.92%);;80%;88,511,996;61,958,398;
6504;Pure Blind;DT-TCD;2;2;Bitumens (45.4%);Chromite (8.83%);Titanite (15.77%);;70%;160,138,234;112,096,763;
6505;Pure Blind;DT-TCD;3;1;Coesite (44.24%);Sperrylite (10.03%);Titanite (15.73%);;70%;174,165,466;121,915,827;
6506;Pure Blind;DT-TCD;4;1;Bitumens (31.7%);Coesite (48.3%);;;80%;89,435,163;62,604,614;
6507;Pure Blind;DT-TCD;5;1;Coesite (53.71%);Zeolites (26.29%);;;80%;87,674,700;61,372,291;
6508;Pure Blind;DT-TCD;5;2;Bitumens (28.12%);Coesite (33.75%);Zeolites (18.13%);;80%;90,461,542;63,323,079;
6509;Pure Blind;DT-TCD;5;3;Coesite (42.25%);Titanite (35.36%);Zeolites (22.39%);;100%;180,662,063;126,463,445;
6510;Pure Blind;DT-TCD;5;4;Coesite (30.69%);Sylvite (22.2%);Zeolites (27.11%);;80%;86,390,419;60,473,293;
6511;Pure Blind;DT-TCD;5;5;Bitumens (29.14%);Coesite (50.86%);;;80%;89,121,893;62,385,325;
6512;Pure Blind;DT-TCD;5;6;Bitumens (20.12%);Coesite (29.41%);Zeolites (30.47%);;80%;90,478,373;63,334,861;
6513;Pure Blind;DT-TCD;5;7;Bitumens (28.97%);Coesite (26.85%);Zeolites (24.19%);;80%;91,056,014;63,739,209;
6514;Pure Blind;DT-TCD;5;8;Bitumens (28.08%);Coesite (27.07%);Sylvite (18.45%);Titanite (26.4%);100%;162,950,343;114,065,240;
6515;Pure Blind;DT-TCD;5;9;Coesite (19.1%);Sylvite (28.96%);Zeolites (31.94%);;80%;86,370,373;60,459,261;
6516;Pure Blind;DT-TCD;5;10;Bitumens (34.77%);Sylvite (45.24%);;;80%;87,060,203;60,942,142;
6517;Pure Blind;DT-TCD;7;1;Bitumens (23.88%);Sylvite (46.8%);Titanite (29.32%);;100%;166,652,783;116,656,947;
6518;Pure Blind;DT-TCD;7;2;Bitumens (22.17%);Sylvite (34.16%);Zeolites (23.67%);;80%;88,102,339;61,671,637;
6519;Pure Blind;DT-TCD;8;1;Bitumens (17.99%);Cobaltite (17.57%);Titanite (43.45%);Zeolites (21%);100%;216,077,431;151,254,202;
6520;Pure Blind;DT-TCD;8;2;Coesite (51.01%);Zeolites (28.99%);;;80%;87,893,052;61,525,137;
6521;Pure Blind;DT-TCD;8;3;Cobaltite (10.38%);Coesite (29.44%);Otavite (36.91%);Pollucite (23.26%);100%;573,306,222;401,314,355;Alliance owned
6522;Pure Blind;DT-TCD;8;4;Bitumens (19.45%);Coesite (27.8%);Titanite (25.35%);Zeolites (27.4%);100%;163,102,906;114,172,034;
6523;Pure Blind;DT-TCD;8;5;Bitumens (35.5%);Coesite (16.27%);Sylvite (28.23%);;80%;88,183,733;61,728,614;
6524;Pure Blind;DT-TCD;8;6;Sylvite (30.2%);Zeolites (49.8%);;;80%;87,738,317;61,416,822;
6525;Pure Blind;DT-TCD;8;7;Bitumens (33.98%);Coesite (46.02%);;;80%;89,714,361;62,800,053;
6526;Pure Blind;DT-TCD;8;8;Bitumens (19.04%);Coesite (18.44%);Sylvite (16.24%);Titanite (46.28%);100%;202,403,545;141,682,482;Reserved
6527;Pure Blind;DT-TCD;8;9;Bitumens (27.65%);Coesite (22.95%);Sylvite (29.4%);;80%;87,151,383;61,005,969;
6528;Pure Blind;DT-TCD;8;10;Bitumens (30.8%);Coesite (49.2%);;;80%;89,325,469;62,527,828;
6529;Pure Blind;DT-TCD;8;11;Bitumens (16.41%);Sylvite (33.25%);Zeolites (30.34%);;80%;87,991,504;61,594,052;
6530;Pure Blind;DT-TCD;8;12;Bitumens (26.37%);Coesite (53.63%);;;80%;88,782,149;62,147,504;
6531;Pure Blind;DT-TCD;8;13;Bitumens (50.73%);Sylvite (29.27%);;;80%;89,988,157;62,991,710;
6532;Pure Blind;DT-TCD;8;14;Bitumens (46.04%);Chromite (7.7%);Titanite (16.26%);;70%;155,102,068;108,571,448;
6533;Pure Blind;DT-TCD;8;15;Bitumens (20.45%);Sylvite (26.97%);Zeolites (32.58%);;80%;89,051,036;62,335,725;
6534;Pure Blind;DT-TCD;8;16;Bitumens (22.21%);Sylvite (31.46%);Zeolites (26.34%);;80%;88,487,385;61,941,169;
6535;Pure Blind;DT-TCD;8;17;Coesite (20.21%);Sylvite (29.94%);Zeolites (29.84%);;80%;86,140,769;60,298,537;
6536;Pure Blind;DT-TCD;8;18;Bitumens (29.56%);Coesite (50.44%);;;80%;89,173,491;62,421,444;
6537;Pure Blind;DT-TCD;8;19;Chromite (8.63%);Sylvite (42.48%);Titanite (18.89%);;70%;157,245,166;110,071,616;
6538;Pure Blind;DT-TCD;8;20;Coesite (50.62%);Zeolites (29.38%);;;80%;87,924,326;61,547,028;
6539;Pure Blind;DT-TCD;9;1;Pollucite (17.45%);Sylvite (72.12%);Titanite (10.43%);;100%;310,400,820;217,280,574;Alliance owned
6540;Pure Blind;DT-TCD;9;2;Bitumens (16.14%);Sperrylite (21.91%);Vanadinite (43.25%);Zeolites (18.7%);100%;430,407,495;301,285,246;Reserved
6541;Pure Blind;DT-TCD;9;3;Coesite (48.72%);Zeolites (31.28%);;;80%;88,077,626;61,654,338;
6542;Pure Blind;TFA0-U;2;1;Coesite (20.61%);Sylvite (25.78%);Zeolites (33.61%);;80%;86,699,579;60,689,706;
6543;Pure Blind;TFA0-U;4;1;Bitumens (29.09%);Sylvite (50.92%);;;80%;86,018,630;60,213,041;
6544;Pure Blind;TFA0-U;5;2;Bitumens (49.51%);Coesite (30.49%);;;80%;91,618,617;64,133,032;
6545;Pure Blind;TFA0-U;5;3;Bitumens (50.16%);Titanite (27.47%);Zeolites (22.36%);;100%;170,772,713;119,540,899;
6546;Pure Blind;TFA0-U;6;1;Bitumens (30.72%);Coesite (49.29%);;;80%;89,314,683;62,520,279;
6547;Pure Blind;TFA0-U;6;2;Bitumens (51.51%);Sylvite (28.49%);;;80%;90,130,273;63,091,191;
6548;Pure Blind;TFA0-U;6;3;Bitumens (20.4%);Sylvite (34.5%);Zeolites (25.1%);;80%;87,981,287;61,586,901;
6549;Pure Blind;TFA0-U;7;1;Bitumens (31.46%);Coesite (48.54%);;;80%;89,406,483;62,584,539;
6550;Pure Blind;TFA0-U;7;2;Coesite (50.66%);Zeolites (29.34%);;;80%;87,921,094;61,544,766;
6551;Pure Blind;TFA0-U;7;3;Sylvite (29.58%);Zeolites (50.42%);;;80%;87,826,124;61,478,286;
6552;Pure Blind;TFA0-U;7;4;Bitumens (21.69%);Coesite (26.61%);Zeolites (31.7%);;80%;90,769,284;63,538,499;
6553;Pure Blind;TFA0-U;7;5;Bitumens (28.8%);Coesite (51.2%);;;80%;89,079,976;62,355,983;
6554;Pure Blind;TFA0-U;7;6;Bitumens (34.84%);Coesite (45.16%);;;80%;89,820,377;62,874,264;
6555;Pure Blind;TFA0-U;7;7;Bitumens (21.69%);Coesite (33.33%);Zeolites (24.98%);;80%;90,226,975;63,158,882;
6556;Pure Blind;TFA0-U;7;8;Bitumens (32.4%);Coesite (47.6%);;;80%;89,521,692;62,665,184;
6557;Pure Blind;TFA0-U;7;9;Bitumens (16.18%);Sylvite (34.12%);Zeolites (29.71%);;80%;87,858,804;61,501,163;
6558;Pure Blind;TFA0-U;7;10;Bitumens (32.1%);Coesite (20.57%);Sylvite (27.32%);;80%;87,823,401;61,476,380;
6559;Pure Blind;TFA0-U;7;11;Bitumens (52.32%);Titanite (47.69%);;;100%;210,336,682;147,235,678;
6560;Pure Blind;TFA0-U;7;12;Bitumens (34.92%);Coesite (20.07%);Sylvite (25.01%);;80%;88,308,524;61,815,967;
6561;Pure Blind;TFA0-U;7;13;Bitumens (35.52%);Sylvite (26.05%);Zeolites (18.43%);;80%;89,809,473;62,866,631;
6562;Pure Blind;TFA0-U;7;14;Coesite (18.2%);Sylvite (30.1%);Zeolites (31.71%);;80%;86,282,842;60,397,990;
6563;Pure Blind;TFA0-U;7;15;Coesite (40.61%);Otavite (9.43%);Titanite (19.95%);;70%;168,505,442;117,953,809;
6564;Pure Blind;TFA0-U;7;16;Coesite (32.31%);Zeolites (47.69%);;;80%;89,403,982;62,582,788;
6565;Pure Blind;TFA0-U;8;1;Bitumens (30%);Sylvite (28.03%);Zeolites (21.97%);;80%;89,298,307;62,508,816;
6566;Pure Blind;TFA0-U;8;2;Coesite (52.93%);Zeolites (27.07%);;;80%;87,737,733;61,416,414;
6567;Pure Blind;TFA0-U;8;3;Bitumens (23.2%);Coesite (21.84%);Titanite (25.67%);Zeolites (29.29%);100%;164,352,266;115,046,586;
6568;Pure Blind;TFA0-U;8;4;Coesite (48.08%);Zeolites (31.92%);;;80%;88,129,749;61,690,825;
6569;Pure Blind;TFA0-U;8;5;Sylvite (68.19%);Titanite (31.81%);;;100%;167,483,360;117,238,351;
6570;Pure Blind;TFA0-U;8;6;Coesite (38.29%);Titanite (41.96%);Zeolites (19.75%);;100%;193,882,389;135,717,672;
6571;Pure Blind;TFA0-U;8;7;Bitumens (29.08%);Sylvite (19.77%);Titanite (29.21%);Zeolites (21.95%);100%;170,478,028;119,334,619;
6572;Pure Blind;TFA0-U;8;8;Coesite (47.45%);Zeolites (32.55%);;;80%;88,180,418;61,726,292;
6573;Pure Blind;TFA0-U;8;9;Sylvite (38.22%);Titanite (19.92%);Vanadinite (11.86%);;70%;160,463,659;112,324,561;
6574;Pure Blind;TFA0-U;8;10;Sylvite (26.82%);Zeolites (53.18%);;;80%;88,216,298;61,751,409;
6575;Pure Blind;TFA0-U;8;11;Coesite (21.01%);Sylvite (27.03%);Zeolites (31.96%);;80%;86,487,641;60,541,349;
6576;Pure Blind;TFA0-U;8;12;Bitumens (40.63%);Titanite (20.99%);Vanadinite (8.38%);;70%;156,014,129;109,209,890;
6577;Pure Blind;TFA0-U;8;13;Chromite (38.65%);Coesite (19.98%);Sylvite (18.24%);Zeolites (23.13%);100%;316,144,630;221,301,241;
6578;Pure Blind;TFA0-U;8;14;Sylvite (44.31%);Titanite (15.14%);Vanadinite (10.56%);;70%;145,148,590;101,604,013;
6579;Pure Blind;TFA0-U;8;15;Bitumens (28.1%);Coesite (43.51%);Titanite (28.4%);;100%;168,135,485;117,694,839;
6580;Pure Blind;TFA0-U;8;16;Bitumens (18.39%);Coesite (28.77%);Zeolites (32.84%);;80%;90,458,063;63,320,644;
6581;Pure Blind;TFA0-U;8;17;Bitumens (30.88%);Sylvite (27.9%);Zeolites (21.22%);;80%;89,354,085;62,547,859;
6582;Pure Blind;TFA0-U;8;18;Bitumens (32.75%);Coesite (28.29%);Zeolites (18.96%);;80%;91,096,285;63,767,400;
6583;Pure Blind;TFA0-U;8;19;Bitumens (55.74%);Sylvite (24.26%);;;80%;90,907,052;63,634,936;
6584;Pure Blind;TFA0-U;9;1;Coesite (31.99%);Sylvite (21.25%);Zeolites (26.77%);;80%;86,421,000;60,494,700;
6585;Pure Blind;TFA0-U;9;2;Bitumens (38.84%);Sylvite (27.23%);Titanite (33.93%);;100%;179,059,410;125,341,588;
6586;Pure Blind;TFA0-U;9;3;Bitumens (18.44%);Sylvite (31.49%);Zeolites (30.07%);;80%;88,325,743;61,828,019;
6587;Pure Blind;TFA0-U;9;4;Coesite (23.77%);Sylvite (25.63%);Zeolites (30.6%);;80%;86,465,236;60,525,665;
6588;Pure Blind;TFA0-U;9;5;Coesite (41.9%);Titanite (18.62%);Vanadinite (9.49%);;70%;150,646,707;105,452,695;
6589;Pure Blind;TFA0-U;9;6;Coesite (28.23%);Sylvite (21.63%);Zeolites (30.14%);;80%;86,670,770;60,669,540;
6590;Pure Blind;TFA0-U;9;7;Pollucite (22.83%);Sylvite (9.72%);Vanadinite (37.48%);Zeolites (29.98%);100%;502,675,508;351,872,857;Alliance owned
6591;Pure Blind;TFA0-U;9;8;Bitumens (21.62%);Sylvite (24.23%);Zeolites (34.15%);;80%;89,485,419;62,639,793;
6592;Pure Blind;TFA0-U;9;9;Coesite (18.64%);Sylvite (33.48%);Zeolites (27.87%);;80%;85,765,508;60,035,855;
6593;Pure Blind;TFA0-U;9;10;Bitumens (28.72%);Coesite (28.33%);Sylvite (22.95%);;80%;87,674,827;61,372,379;
6594;Pure Blind;TFA0-U;9;11;Bitumens (30.49%);Coesite (27.12%);Sylvite (22.39%);;80%;87,925,392;61,547,773;
6595;Pure Blind;TFA0-U;9;12;Sylvite (26.62%);Zeolites (53.38%);;;80%;88,245,614;61,771,930;
6596;Pure Blind;TFA0-U;9;13;Bitumens (34.78%);Pollucite (20.46%);Zeolites (44.76%);;100%;333,585,693;233,509,985;Alliance owned
6597;Pure Blind;TFA0-U;9;14;Bitumens (46.72%);Sylvite (33.28%);;;80%;89,251,722;62,476,205;
6598;Pure Blind;TFA0-U;9;15;Sylvite (29.8%);Zeolites (50.21%);;;80%;87,795,392;61,456,774;
6599;Pure Blind;TFA0-U;9;16;Bitumens (47.86%);Sylvite (20.92%);Titanite (31.22%);;100%;175,031,829;122,522,280;
6600;Pure Blind;TFA0-U;9;17;Bitumens (25.53%);Coesite (36.2%);Titanite (38.27%);;100%;187,905,977;131,534,184;
6601;Pure Blind;TFA0-U;9;18;Coesite (51.82%);Zeolites (28.18%);;;80%;87,827,353;61,479,147;
6602;Pure Blind;TFA0-U;9;19;Sylvite (28.26%);Zeolites (51.74%);;;80%;88,012,926;61,609,049;
6603;Pure Blind;TFA0-U;9;20;Bitumens (29.45%);Sylvite (31.5%);Zeolites (19.06%);;80%;88,783,434;62,148,403;
6604;Pure Blind;TFA0-U;10;1;Bitumens (48.17%);Coesite (31.83%);;;80%;91,454,384;64,018,069;
6605;Pure Blind;MQ-NPY;6;1;Bitumens (26.35%);Sylvite (53.66%);;;80%;85,516,182;59,861,328;
6606;Pure Blind;ZKYV-W;2;1;Bitumens (20.59%);Coesite (16.52%);Titanite (44.2%);Zeolites (18.69%);100%;200,867,417;140,607,193;
6607;Pure Blind;ZKYV-W;4;1;Bitumens (34.18%);Coesite (45.82%);;;80%;89,739,364;62,817,555;
6608;Pure Blind;ZKYV-W;5;1;Bitumens (56.21%);Sylvite (23.79%);;;80%;90,993,237;63,695,266;
6609;Pure Blind;ZKYV-W;5;2;Coesite (20.86%);Sylvite (31.53%);Zeolites (27.61%);;80%;85,864,170;60,104,920;
6610;Pure Blind;ZKYV-W;5;3;Coesite (44.25%);Sylvite (25.27%);Titanite (30.48%);;100%;167,386,423;117,170,496;
6611;Pure Blind;ZKYV-W;5;4;Sylvite (28.75%);Zeolites (51.25%);;;80%;87,943,955;61,560,768;
6612;Pure Blind;ZKYV-W;5;5;Bitumens (50.28%);Sylvite (29.72%);;;80%;89,904,538;62,933,176;
6613;Pure Blind;ZKYV-W;5;6;Bitumens (32.58%);Coesite (18.35%);Sylvite (29.08%);;80%;87,774,890;61,442,423;
6614;Pure Blind;ZKYV-W;5;7;Bitumens (34.13%);Coesite (45.87%);;;80%;89,732,990;62,813,093;
6615;Pure Blind;ZKYV-W;5;8;Bitumens (35.12%);Sylvite (44.88%);;;80%;87,126,035;60,988,224;
6616;Pure Blind;ZKYV-W;5;9;Coesite (27.62%);Sylvite (20.54%);Zeolites (31.84%);;80%;86,874,152;60,811,907;
6617;Pure Blind;ZKYV-W;5;10;Bitumens (33.96%);Sylvite (46.04%);;;80%;86,911,852;60,838,296;
6618;Pure Blind;ZKYV-W;5;11;Coesite (30.98%);Sylvite (19.2%);Zeolites (29.82%);;80%;86,792,908;60,755,036;
6619;Pure Blind;ZKYV-W;5;12;Sylvite (31.77%);Zeolites (48.23%);;;80%;87,515,967;61,261,177;
6620;Pure Blind;ZKYV-W;5;13;Bitumens (28.73%);Coesite (19.87%);Sylvite (31.4%);;80%;87,162,186;61,013,530;
6621;Pure Blind;ZKYV-W;5;14;Bitumens (38.95%);Otavite (41.03%);Sylvite (20.02%);;100%;341,291,678;238,904,175;
6622;Pure Blind;ZKYV-W;5;15;Coesite (19.65%);Sylvite (25.96%);Titanite (27.27%);Zeolites (27.12%);100%;163,017,620;114,112,334;
6623;Pure Blind;ZKYV-W;6;1;Bitumens (19.04%);Sylvite (30.03%);Zeolites (30.93%);;80%;88,557,889;61,990,522;
6624;Pure Blind;ZKYV-W;6;2;Coesite (51.06%);Zeolites (28.94%);;;80%;87,889,173;61,522,422;
6625;Pure Blind;ZKYV-W;6;3;Loparite (37.33%);Otavite (22.92%);Pollucite (19.54%);Titanite (20.21%);100%;2,025,912,703;1,418,138,893;Alliance owned
6626;Pure Blind;ZKYV-W;6;4;Bitumens (26.31%);Sylvite (32%);Zeolites (21.69%);;80%;88,581,755;62,007,228;
6627;Pure Blind;ZKYV-W;7;1;Bitumens (49.34%);Sylvite (30.66%);;;80%;89,733,082;62,813,158;
6628;Pure Blind;ZKYV-W;7;2;Bitumens (31.92%);Coesite (31.72%);Sylvite (16.36%);;80%;88,466,897;61,926,827;
6629;Pure Blind;ZKYV-W;7;3;Bitumens (31.72%);Coesite (48.28%);;;80%;89,437,491;62,606,244;
6630;Pure Blind;ZKYV-W;7;4;Bitumens (27.1%);Coesite (28.97%);Sylvite (23.94%);;80%;87,416,832;61,191,783;
6631;Pure Blind;ZKYV-W;7;5;Bitumens (45.73%);Sylvite (34.27%);;;80%;89,071,464;62,350,024;
6632;Pure Blind;ZKYV-W;7;6;Euxenite (19.73%);Titanite (41.88%);Zeolites (38.39%);;100%;221,138,301;154,796,811;
6633;Pure Blind;ZKYV-W;7;7;Bitumens (22.44%);Coesite (24.94%);Zeolites (32.62%);;80%;90,937,488;63,656,241;
6634;Pure Blind;ZKYV-W;7;8;Bitumens (29.74%);Sylvite (50.26%);;;80%;86,138,375;60,296,863;
6635;Pure Blind;ZKYV-W;7;9;Sperrylite (9.59%);Titanite (21.71%);Zeolites (38.7%);;70%;186,544,770;130,581,339;
6636;Pure Blind;ZKYV-W;7;10;Bitumens (30.47%);Coesite (49.53%);;;80%;89,285,024;62,499,516;
6637;Pure Blind;ZKYV-W;7;11;Bitumens (22.06%);Sylvite (32.59%);Zeolites (25.35%);;80%;88,320,237;61,824,165;
6638;Pure Blind;ZKYV-W;7;12;Bitumens (29.14%);Sylvite (50.86%);;;80%;86,028,166;60,219,717;
6639;Pure Blind;ZKYV-W;7;13;Coesite (31.22%);Sylvite (17.28%);Zeolites (31.5%);;80%;87,045,289;60,931,703;
6640;Pure Blind;ZKYV-W;7;14;Coesite (21.58%);Sylvite (25.89%);Zeolites (32.53%);;80%;86,604,302;60,623,011;
6641;Pure Blind;ZKYV-W;7;15;Chromite (31.95%);Sperrylite (25%);Sylvite (34.37%);Titanite (8.67%);100%;462,669,027;323,868,319;
6642;Pure Blind;ZKYV-W;7;16;Otavite (32.94%);Sperrylite (30.59%);Sylvite (28.48%);Titanite (8%);100%;512,109,105;358,476,372;
6643;Pure Blind;ZKYV-W;7;17;Coesite (49.94%);Zeolites (30.06%);;;80%;87,979,359;61,585,551;
6644;Pure Blind;ZKYV-W;7;18;Chromite (30.62%);Sylvite (32.65%);Titanite (10.49%);Zeolites (26.25%);100%;293,557,010;205,489,908;
6645;Pure Blind;ZKYV-W;7;19;Bitumens (28.58%);Sylvite (51.43%);;;80%;85,925,109;60,147,577;
6646;Pure Blind;ZKYV-W;7;20;Coesite (31.86%);Sylvite (21.89%);Zeolites (26.26%);;80%;86,341,311;60,438,918;
6647;Pure Blind;ZKYV-W;7;21;Coesite (29.19%);Sylvite (20.98%);Zeolites (29.84%);;80%;86,685,874;60,680,112;
6648;Pure Blind;ZKYV-W;7;22;Bitumens (46.39%);Sylvite (33.61%);;;80%;89,191,207;62,433,846;
6649;Pure Blind;ZKYV-W;7;23;Bitumens (32.86%);Sylvite (30.73%);Zeolites (16.41%);;80%;89,034,838;62,324,387;
6650;Pure Blind;ZKYV-W;8;1;Bitumens (21.68%);Cobaltite (21.09%);Titanite (36.28%);Zeolites (20.95%);100%;205,323,850;143,726,694;
6651;Pure Blind;ZKYV-W;8;2;Bitumens (19.28%);Coesite (29.59%);Zeolites (31.13%);;80%;90,429,121;63,300,384;
6652;Pure Blind;FWA-4V;2;1;Coesite (20.86%);Sperrylite (42.03%);Sylvite (18.86%);Vanadinite (18.25%);100%;460,940,833;322,658,583;Alliance owned
6653;Pure Blind;FWA-4V;3;1;Bitumens (33.1%);Coesite (26.1%);Zeolites (20.81%);;80%;91,287,867;63,901,507;
6654;Pure Blind;FWA-4V;3;2;Chromite (11.69%);Titanite (20.67%);Zeolites (37.65%);;70%;182,964,214;128,074,950;
6655;Pure Blind;FWA-4V;3;3;Bitumens (33.36%);Coesite (24.61%);Sylvite (22.04%);;80%;88,299,007;61,809,305;
6656;Pure Blind;FWA-4V;3;4;Coesite (52.45%);Zeolites (27.55%);;;80%;87,776,361;61,443,453;
6657;Pure Blind;FWA-4V;3;5;Bitumens (29.03%);Coesite (30.51%);Zeolites (20.46%);;80%;90,761,814;63,533,270;
6658;Pure Blind;FWA-4V;3;6;Bitumens (35.06%);Coesite (26.57%);Sylvite (18.36%);;80%;88,730,823;62,111,577;
6659;Pure Blind;FWA-4V;3;7;Bitumens (21.84%);Sylvite (26.76%);Zeolites (31.39%);;80%;89,136,671;62,395,670;
6660;Pure Blind;FWA-4V;3;8;Bitumens (32.43%);Coesite (20.47%);Sylvite (27.1%);;80%;87,876,978;61,513,885;
6661;Pure Blind;FWA-4V;3;9;Sylvite (44.46%);Titanite (15.06%);Vanadinite (10.48%);;70%;144,677,473;101,274,231;
6662;Pure Blind;FWA-4V;3;10;Sylvite (52.78%);Zeolites (27.22%);;;80%;84,540,730;59,178,511;
6663;Pure Blind;FWA-4V;4;1;Sylvite (44.11%);Zeolites (35.89%);;;80%;85,768,469;60,037,928;
6664;Pure Blind;FWA-4V;4;2;Sylvite (18.75%);Titanite (34.51%);Zeolites (46.74%);;100%;179,768,010;125,837,607;
6665;Pure Blind;FWA-4V;4;3;Bitumens (24.52%);Sylvite (19.6%);Titanite (29.21%);Zeolites (26.67%);100%;170,318,305;119,222,813;
6666;Pure Blind;FWA-4V;4;4;Otavite (66.98%);Sylvite (33.02%);;;100%;481,695,957;337,187,170;
6667;Pure Blind;FWA-4V;4;5;Sylvite (37.24%);Titanite (21.44%);Vanadinite (11.32%);;70%;161,446,759;113,012,732;
6668;Pure Blind;FWA-4V;4;6;Bitumens (34.14%);Sylvite (45.86%);;;80%;86,945,043;60,861,530;
6669;Pure Blind;FWA-4V;4;7;Sylvite (46.99%);Zeolites (33.01%);;;80%;85,360,450;59,752,314;
6670;Pure Blind;FWA-4V;4;8;Bitumens (27.81%);Coesite (27.16%);Sylvite (25.03%);;80%;87,437,293;61,206,104;
6671;Pure Blind;FWA-4V;4;9;Coesite (35.57%);Zeolites (44.43%);;;80%;89,140,538;62,398,376;
6672;Pure Blind;FWA-4V;4;10;Coesite (49.99%);Zeolites (30.01%);;;80%;87,975,157;61,582,610;
6673;Pure Blind;FWA-4V;4;11;Bitumens (28.97%);Titanite (25.27%);Zeolites (45.76%);;100%;165,574,752;115,902,327;
6674;Pure Blind;FWA-4V;4;12;Titanite (25.23%);Zeolites (74.77%);;;100%;164,287,768;115,001,438;
6675;Pure Blind;FWA-4V;4;13;Bitumens (55.08%);Titanite (23.74%);Zeolites (21.18%);;100%;163,688,990;114,582,293;
6676;Pure Blind;FWA-4V;5;1;Coesite (28.09%);Sylvite (24.51%);Zeolites (27.4%);;80%;86,273,702;60,391,592;
6677;Pure Blind;FWA-4V;6;1;Sylvite (21.23%);Titanite (32.3%);Zeolites (46.47%);;100%;175,093,278;122,565,295;
6678;Pure Blind;FWA-4V;6;2;Bitumens (17.27%);Coesite (26.75%);Titanite (27.73%);Zeolites (28.25%);100%;167,745,611;117,421,927;
6679;Pure Blind;FWA-4V;6;3;Bitumens (32.2%);Sylvite (26.87%);Zeolites (20.93%);;80%;89,554,769;62,688,337;
6680;Pure Blind;FWA-4V;6;4;Sylvite (29.54%);Zeolites (50.46%);;;80%;87,830,939;61,481,657;
6681;Pure Blind;FWA-4V;6;5;Bitumens (28.3%);Coesite (20.85%);Sylvite (30.86%);;80%;87,141,587;60,999,111;
6682;Pure Blind;FWA-4V;6;6;Bitumens (16.63%);Coesite (28.75%);Otavite (34.62%);;80%;282,317,340;197,622,138;
6683;Pure Blind;RZC-16;1;1;Bitumens (27.06%);Coesite (32.81%);Zeolites (20.13%);;80%;90,493,288;63,345,301;
6684;Pure Blind;RZC-16;3;1;Bitumens (27.25%);Chromite (27.91%);Sylvite (34.28%);Titanite (10.56%);100%;280,237,426;196,166,198;
6685;Pure Blind;RZC-16;3;2;Bitumens (29.44%);Coesite (50.56%);;;80%;89,158,907;62,411,235;
6686;Pure Blind;RZC-16;3;3;Bitumens (31.74%);Coesite (48.26%);;;80%;89,439,820;62,607,874;
6687;Pure Blind;RZC-16;3;4;Bitumens (17.22%);Sylvite (19.92%);Titanite (42%);Zeolites (20.86%);100%;194,955,302;136,468,712;
6688;Pure Blind;RZC-16;3;5;Bitumens (24.91%);Coesite (55.09%);;;80%;88,603,452;62,022,417;
6689;Pure Blind;RZC-16;3;6;Chromite (25.93%);Otavite (33.6%);Xenotime (40.48%);;100%;2,396,123,598;1,677,286,519;Alliance owned
6690;Pure Blind;RZC-16;3;7;Coesite (53.26%);Zeolites (26.74%);;;80%;87,711,389;61,397,972;
6691;Pure Blind;RZC-16;3;8;Bitumens (35%);Coesite (26.15%);Sylvite (18.84%);;80%;88,695,348;62,086,743;
6692;Pure Blind;RZC-16;3;9;Bitumens (33.38%);Coesite (26.39%);Sylvite (20.23%);;80%;88,411,258;61,887,881;
6693;Pure Blind;RZC-16;3;10;Bitumens (19.71%);Coesite (29.45%);Zeolites (30.84%);;80%;90,458,387;63,320,871;
6694;Pure Blind;RZC-16;3;11;Bitumens (21.05%);Coesite (27.22%);Zeolites (31.73%);;80%;90,694,092;63,485,865;
6695;Pure Blind;RZC-16;3;12;Bitumens (48.59%);Coesite (31.41%);;;80%;91,505,124;64,053,587;
6696;Pure Blind;RZC-16;4;1;Bitumens (30.09%);Sylvite (49.91%);;;80%;86,203,474;60,342,431;
6697;Pure Blind;RZC-16;4;2;Bitumens (25.07%);Sperrylite (30.74%);Sylvite (33.56%);Titanite (10.63%);100%;335,926,834;235,148,784;
6698;Pure Blind;RZC-16;4;3;Coesite (37.65%);Euxenite (19.45%);Titanite (42.9%);;100%;219,743,762;153,820,633;
6699;Pure Blind;RZC-16;4;4;Otavite (19.98%);Pollucite (17.61%);Titanite (22.18%);Xenotime (40.23%);100%;2,401,144,818;1,680,801,371;Alliance owned
6700;Pure Blind;RZC-16;4;5;Bitumens (25.45%);Chromite (30.46%);Titanite (11.05%);Vanadinite (33.04%);100%;428,888,898;300,222,229;Reserved
6701;Pure Blind;RZC-16;4;6;Bitumens (36.01%);Coesite (44%);;;80%;89,963,040;62,974,128;
6702;Pure Blind;RZC-16;4;7;Bitumens (29.69%);Coesite (20.75%);Sylvite (29.55%);;80%;87,392,351;61,174,645;
6703;Pure Blind;RZC-16;4;8;Coesite (20.21%);Sylvite (50.94%);Titanite (28.86%);;100%;162,534,736;113,774,314;
6704;Pure Blind;RZC-16;4;9;Bitumens (44.53%);Coesite (20.98%);Titanite (34.49%);;100%;182,535,136;127,774,595;
6705;Pure Blind;RZC-16;4;10;Bitumens (31.47%);Coesite (27.71%);Zeolites (20.81%);;80%;91,089,636;63,762,745;
6706;Pure Blind;RZC-16;4;11;Chromite (10.46%);Coesite (42.11%);Titanite (17.42%);;70%;166,731,496;116,712,047;
6707;Pure Blind;RZC-16;4;12;Coesite (40.27%);Titanite (35.39%);Zeolites (24.34%);;100%;180,888,798;126,622,159;
6708;Pure Blind;RZC-16;4;13;Bitumens (45.49%);Coesite (23.09%);Titanite (31.42%);;100%;176,413,945;123,489,762;
6709;Pure Blind;RZC-16;4;14;Bitumens (30.14%);Coesite (26.84%);Zeolites (23.03%);;80%;91,104,683;63,773,278;
6710;Pure Blind;RZC-16;4;15;Coesite (28.95%);Sylvite (18.73%);Zeolites (32.32%);;80%;87,022,870;60,916,009;
6711;Pure Blind;RZC-16;4;16;Bitumens (51.77%);Coesite (28.23%);;;80%;91,895,609;64,326,927;
6712;Pure Blind;RZC-16;4;17;Bitumens (44.52%);Sylvite (35.48%);;;80%;88,848,479;62,193,935;
6713;Pure Blind;RZC-16;4;18;Coesite (35.41%);Zeolites (44.59%);;;80%;89,153,871;62,407,710;
6714;Pure Blind;RZC-16;4;19;Coesite (26.11%);Sylvite (23.28%);Zeolites (30.61%);;80%;86,608,290;60,625,803;
6715;Pure Blind;RZC-16;4;20;Bitumens (45.21%);Sylvite (34.79%);;;80%;88,975,742;62,283,019;
6716;Pure Blind;RZC-16;4;21;Coesite (46.69%);Zeolites (33.31%);;;80%;88,241,915;61,769,341;
6717;Pure Blind;RZC-16;4;22;Bitumens (50.43%);Sylvite (29.57%);;;80%;89,933,511;62,953,458;
6718;Pure Blind;RZC-16;4;23;Bitumens (30.64%);Coesite (19.55%);Sylvite (29.81%);;80%;87,493,156;61,245,210;
6719;Pure Blind;RZC-16;4;24;Bitumens (20.71%);Coesite (28.85%);Zeolites (30.44%);;80%;90,547,892;63,383,525;
6720;Pure Blind;RZC-16;4;25;Sylvite (34.24%);Zeolites (45.76%);;;80%;87,165,306;61,015,714;
6721;Pure Blind;RZC-16;5;1;Coesite (23.19%);Sylvite (31.51%);Zeolites (25.31%);;80%;85,679,220;59,975,454;
6722;Pure Blind;RZC-16;6;1;Coesite (43.73%);Zeolites (36.27%);;;80%;88,480,956;61,936,669;
6723;Pure Blind;RZC-16;6;2;Bitumens (25.6%);Coesite (18.27%);Sylvite (36.13%);;80%;86,491,105;60,543,773;
6724;Pure Blind;RZC-16;6;3;Sylvite (30.47%);Zeolites (49.53%);;;80%;87,700,220;61,390,154;
6725;Pure Blind;RZC-16;6;4;Coesite (51.12%);Zeolites (28.88%);;;80%;87,884,082;61,518,857;
6726;Pure Blind;RZC-16;6;5;Coesite (27.71%);Zeolites (52.29%);;;80%;89,775,634;62,842,944;
6727;Pure Blind;RZC-16;6;6;Sylvite (52.88%);Zeolites (27.12%);;;80%;84,525,859;59,168,102;
6728;Pure Blind;RZC-16;6;7;Bitumens (26.72%);Coesite (53.28%);;;80%;88,825,535;62,177,875;
6729;Pure Blind;S-MDYI;4;1;Coesite (60.22%);Titanite (39.78%);;;100%;187,854,874;131,498,412;
6730;Pure Blind;S-MDYI;4;2;Bitumens (23.93%);Sylvite (27.44%);Zeolites (28.64%);;80%;89,129,251;62,390,475;
6731;Pure Blind;S-MDYI;5;1;Chromite (25.51%);Sperrylite (35.46%);Sylvite (30.35%);Titanite (8.69%);100%;498,392,965;348,875,075;Reserved
6732;Pure Blind;S-MDYI;5;2;Bitumens (30.71%);Coesite (30.83%);Zeolites (18.46%);;80%;90,805,440;63,563,807;
6733;Pure Blind;S-MDYI;5;3;Coesite (31.39%);Sylvite (16.42%);Zeolites (32.19%);;80%;87,153,126;61,007,188;
6734;Pure Blind;S-MDYI;5;4;Bitumens (29.11%);Sylvite (32.03%);Zeolites (18.87%);;80%;88,694,952;62,086,466;
6735;Pure Blind;S-MDYI;5;5;Bitumens (30.94%);Coesite (25.47%);Zeolites (23.59%);;80%;91,249,587;63,874,710;
6736;Pure Blind;S-MDYI;5;6;Sylvite (48.76%);Zeolites (31.25%);;;80%;85,110,200;59,577,140;
6737;Pure Blind;S-MDYI;5;7;Coesite (17.23%);Titanite (62.63%);Zeolites (20.14%);;100%;235,953,400;165,167,380;
6738;Pure Blind;S-MDYI;5;8;Bitumens (51.67%);Sylvite (28.33%);;;80%;90,160,896;63,112,628;
6739;Pure Blind;S-MDYI;6;1;Bitumens (31.81%);Coesite (31.98%);Sylvite (16.21%);;80%;88,463,240;61,924,268;
6740;Pure Blind;S-MDYI;6;2;Otavite (9.93%);Sylvite (37.9%);Titanite (22.17%);;70%;173,507,804;121,455,463;
6741;Pure Blind;S-MDYI;6;3;Coesite (33.36%);Sperrylite (28.11%);Sylvite (29.8%);Titanite (8.73%);100%;311,592,662;218,114,864;
6742;Pure Blind;S-MDYI;6;4;Bitumens (34.78%);Sylvite (24.49%);Zeolites (20.73%);;80%;89,998,619;62,999,034;
6743;Pure Blind;S-MDYI;6;5;Bitumens (28.59%);Coesite (29.48%);Zeolites (21.93%);;80%;90,826,635;63,578,643;
6744;Pure Blind;S-MDYI;6;6;Bitumens (28.67%);Coesite (51.33%);;;80%;89,063,797;62,344,658;
6745;Pure Blind;S-MDYI;6;7;Bitumens (30.59%);Sylvite (49.41%);;;80%;86,294,061;60,405,843;
6746;Pure Blind;S-MDYI;6;8;Bitumens (34.91%);Sylvite (45.09%);;;80%;87,087,343;60,961,140;
6747;Pure Blind;S-MDYI;6;9;Bitumens (18.51%);Euxenite (22.39%);Sylvite (20.21%);Titanite (38.89%);100%;216,481,333;151,536,933;
6748;Pure Blind;S-MDYI;6;10;Bitumens (50.08%);Coesite (29.92%);;;80%;91,687,988;64,181,592;
6749;Pure Blind;S-MDYI;6;11;Bitumens (30.95%);Coesite (30.78%);Zeolites (18.27%);;80%;90,819,868;63,573,907;
6750;Pure Blind;S-MDYI;6;12;Sylvite (40.57%);Titanite (20.31%);Vanadinite (9.12%);;70%;150,138,941;105,097,259;
6751;Pure Blind;S-MDYI;6;13;Loparite (10.22%);Titanite (18.87%);Vanadinite (30.91%);;60%;647,757,699;453,430,390;Alliance owned
6752;Pure Blind;S-MDYI;6;14;Bitumens (20.29%);Sylvite (28.47%);Zeolites (31.24%);;80%;88,830,644;62,181,452;
6753;Pure Blind;S-MDYI;6;15;Coesite (17.53%);Sylvite (30.5%);Zeolites (31.97%);;80%;86,278,741;60,395,120;
6754;Pure Blind;S-MDYI;7;1;Coesite (29.72%);Zeolites (50.28%);;;80%;89,613,203;62,729,242;
6755;Pure Blind;S-MDYI;7;2;Chromite (29.44%);Coesite (32.67%);Titanite (10.87%);Vanadinite (27.02%);100%;395,822,431;277,075,702;
6756;Pure Blind;S-MDYI;7;3;Bitumens (23.18%);Sylvite (25.31%);Zeolites (31.51%);;80%;89,397,988;62,578,592;
6757;Pure Blind;S-MDYI;7;4;Coesite (31.51%);Sylvite (19.88%);Zeolites (28.61%);;80%;86,654,196;60,657,936;
6758;Pure Blind;S-MDYI;7;5;Sylvite (48.6%);Zeolites (31.4%);;;80%;85,131,586;59,592,110;
6759;Pure Blind;S-MDYI;7;6;Bitumens (33.66%);Coesite (18.2%);Sylvite (28.15%);;80%;87,963,508;61,574,455;
6760;Pure Blind;S-MDYI;7;7;Bitumens (26.84%);Coesite (24.2%);Sylvite (28.97%);;80%;87,077,947;60,954,563;
6761;Pure Blind;S-MDYI;7;8;Coesite (55.25%);Zeolites (24.75%);;;80%;87,550,574;61,285,402;
6762;Pure Blind;S-MDYI;7;9;Coesite (28.27%);Sylvite (18.46%);Zeolites (33.28%);;80%;87,118,061;60,982,643;
6763;Pure Blind;S-MDYI;7;10;Bitumens (33.5%);Sylvite (25.77%);Zeolites (20.74%);;80%;89,764,073;62,834,852;
6764;Pure Blind;S-MDYI;7;11;Bitumens (51.47%);Sylvite (28.54%);;;80%;90,122,571;63,085,800;
6765;Pure Blind;S-MDYI;7;12;Bitumens (50.38%);Sylvite (29.62%);;;80%;89,923,976;62,946,783;
6766;Pure Blind;S-MDYI;7;13;Coesite (17.38%);Sylvite (36.24%);Zeolites (26.38%);;80%;85,478,366;59,834,856;
6767;Pure Blind;S-MDYI;7;14;Coesite (49.07%);Zeolites (30.93%);;;80%;88,049,584;61,634,709;
6768;Pure Blind;S-MDYI;7;15;Sylvite (45.37%);Zeolites (34.63%);;;80%;85,589,739;59,912,817;
6769;Pure Blind;S-MDYI;7;16;Bitumens (20.89%);Sylvite (31.57%);Zeolites (27.54%);;80%;88,415,786;61,891,050;
6770;Pure Blind;S-MDYI;7;17;Coesite (35.64%);Zeolites (44.36%);;;80%;89,134,881;62,394,417;
6771;Pure Blind;S-MDYI;8;1;Sylvite (31.24%);Zeolites (48.76%);;;80%;87,590,179;61,313,125;
6772;Pure Blind;S-MDYI;8;2;Coesite (35.58%);Zeolites (44.42%);;;80%;89,139,810;62,397,868;
6773;Pure Blind;S-MDYI;8;3;Bitumens (19.49%);Sylvite (29.86%);Zeolites (30.65%);;80%;88,599,271;62,019,490;
6774;Pure Blind;S-MDYI;8;4;Coesite (17.81%);Sylvite (33.35%);Zeolites (28.85%);;80%;85,853,618;60,097,533;
6775;Pure Blind;S-MDYI;8;5;Bitumens (22.28%);Coesite (31.65%);Zeolites (26.07%);;80%;90,387,703;63,271,391;
6776;Pure Blind;F-NMX6;1;1;Coesite (21.05%);Sylvite (25.61%);Zeolites (33.35%);;80%;86,688,041;60,681,628;
6777;Pure Blind;F-NMX6;2;1;Bitumens (25.67%);Coesite (35.03%);Sylvite (19.31%);;80%;87,523,313;61,266,320;
6778;Pure Blind;F-NMX6;3;1;Sylvite (32.56%);Zeolites (47.44%);;;80%;87,404,084;61,182,859;
6779;Pure Blind;F-NMX6;3;2;Coesite (18.04%);Sylvite (30.1%);Zeolites (31.86%);;80%;86,293,712;60,405,599;
6780;Pure Blind;F-NMX6;3;3;Bitumens (29.61%);Vanadinite (29.39%);Zeolites (21.01%);;80%;208,342,976;145,840,083;
6781;Pure Blind;F-NMX6;3;4;Sylvite (31.01%);Zeolites (49%);;;80%;87,624,027;61,336,818;
6782;Pure Blind;F-NMX6;3;5;Coesite (49.22%);Zeolites (30.78%);;;80%;88,037,866;61,626,507;
6783;Pure Blind;F-NMX6;3;6;Bitumens (49.51%);Sylvite (30.49%);;;80%;89,763,523;62,834,466;
6784;Pure Blind;F-NMX6;3;7;Coesite (51.82%);Zeolites (28.18%);;;80%;87,827,191;61,479,034;
6785;Pure Blind;F-NMX6;3;8;Sylvite (49.52%);Zeolites (30.48%);;;80%;85,001,858;59,501,300;
6786;Pure Blind;F-NMX6;3;9;Bitumens (24.22%);Coesite (32.54%);Sylvite (23.23%);;80%;87,106,270;60,974,388;
6787;Pure Blind;F-NMX6;3;10;Coesite (28.32%);Sylvite (20.86%);Zeolites (30.82%);;80%;86,772,164;60,740,514;
6788;Pure Blind;F-NMX6;3;11;Coesite (25.39%);Zeolites (54.61%);;;80%;89,963,197;62,974,238;
6789;Pure Blind;F-NMX6;3;12;Coesite (48.39%);Zeolites (31.61%);;;80%;88,104,293;61,673,005;
6790;Pure Blind;F-NMX6;3;13;Bitumens (22.38%);Coesite (27.52%);Zeolites (30.1%);;80%;90,725,420;63,507,794;
6791;Pure Blind;F-NMX6;3;14;Titanite (9.66%);Vanadinite (35.52%);Zeolites (54.82%);;100%;273,005,718;191,104,003;
6792;Pure Blind;F-NMX6;3;15;Bitumens (17.03%);Coesite (31.97%);Zeolites (31.01%);;80%;90,142,969;63,100,079;
6793;Pure Blind;F-NMX6;3;16;Bitumens (48.17%);Sylvite (31.83%);;;80%;89,518,166;62,662,716;
6794;Pure Blind;F-NMX6;3;17;Bitumens (21.78%);Sylvite (28.51%);Zeolites (29.72%);;80%;88,887,390;62,221,172;
6795;Pure Blind;F-NMX6;4;1;Bitumens (49.74%);Sylvite (30.26%);;;80%;89,805,699;62,863,989;
6796;Pure Blind;F-NMX6;4;2;Bitumens (46.77%);Sylvite (17.19%);Titanite (36.04%);;100%;184,931,443;129,452,010;
6797;Pure Blind;F-NMX6;4;3;Bitumens (27.38%);Sylvite (52.62%);;;80%;85,706,343;59,994,440;
6798;Pure Blind;F-NMX6;4;4;Sylvite (53.59%);Zeolites (26.42%);;;80%;84,426,157;59,098,309;
6799;Pure Blind;F-NMX6;4;5;Bitumens (32.9%);Coesite (47.1%);;;80%;89,582,729;62,707,910;
6800;Pure Blind;F-NMX6;4;6;Bitumens (24.34%);Sylvite (34.84%);Zeolites (20.83%);;80%;88,097,468;61,668,228;
6801;Pure Blind;F-NMX6;4;7;Bitumens (32.87%);Coesite (27.84%);Sylvite (19.29%);;80%;88,405,609;61,883,926;
6802;Pure Blind;F-NMX6;4;8;Sylvite (32%);Zeolites (48%);;;80%;87,482,969;61,238,078;
6803;Pure Blind;F-NMX6;4;9;Coesite (45.77%);Zeolites (34.23%);;;80%;88,316,665;61,821,666;
6804;Pure Blind;F-NMX6;4;10;Sperrylite (11.61%);Sylvite (35.79%);Titanite (22.6%);;70%;196,600,155;137,620,109;
6805;Pure Blind;F-NMX6;4;11;Coesite (16.39%);Sylvite (32.91%);Zeolites (30.7%);;80%;86,029,490;60,220,643;
6806;Pure Blind;F-NMX6;4;12;Coesite (18.46%);Sylvite (34.18%);Zeolites (27.36%);;80%;85,681,908;59,977,336;
6807;Pure Blind;F-NMX6;4;13;Bitumens (33.56%);Coesite (29.03%);Sylvite (17.42%);;80%;88,603,527;62,022,469;
6808;Pure Blind;F-NMX6;4;14;Cobaltite (18.99%);Coesite (19.79%);Titanite (43.32%);Zeolites (17.9%);100%;214,712,651;150,298,857;
6809;Pure Blind;F-NMX6;4;15;Bitumens (29.69%);Sylvite (50.31%);;;80%;86,130,123;60,291,086;
6810;Pure Blind;F-NMX6;4;16;Bitumens (34.62%);Sylvite (45.38%);;;80%;87,033,980;60,923,786;
6811;Pure Blind;F-NMX6;4;17;Coesite (20.57%);Sylvite (33.09%);Zeolites (26.34%);;80%;85,666,429;59,966,500;
6812;Pure Blind;F-NMX6;4;18;Bitumens (28.39%);Coesite (51.61%);;;80%;89,029,970;62,320,979;
6813;Pure Blind;F-NMX6;5;1;Bitumens (16.25%);Sylvite (32.21%);Zeolites (31.55%);;80%;88,130,937;61,691,655;
6814;Pure Blind;F-NMX6;5;2;Bitumens (34.68%);Sylvite (45.33%);;;80%;87,043,699;60,930,590;
6815;Pure Blind;F-NMX6;5;3;Chromite (12.2%);Titanite (16.83%);Zeolites (40.97%);;70%;178,190,594;124,733,416;
6816;Pure Blind;F-NMX6;5;4;Bitumens (27.64%);Coesite (20.35%);Sylvite (32.01%);;80%;86,990,245;60,893,171;
6817;Pure Blind;F-NMX6;5;5;Bitumens (20.58%);Sperrylite (39.16%);Sylvite (20.29%);Zeolites (19.96%);100%;372,747,346;260,923,142;
6818;Pure Blind;F-NMX6;5;6;Bitumens (43.34%);Titanite (28.35%);Zeolites (28.31%);;100%;172,189,839;120,532,887;
6819;Pure Blind;F-NMX6;5;7;Bitumens (33.64%);Coesite (17.87%);Sylvite (28.49%);;80%;87,941,268;61,558,887;
6820;Pure Blind;F-NMX6;5;8;Coesite (22.67%);Sylvite (26.8%);Zeolites (30.52%);;80%;86,385,664;60,469,965;
6821;Pure Blind;F-NMX6;5;9;Bitumens (42.1%);Sperrylite (8.66%);Titanite (19.24%);;70%;177,293,213;124,105,249;
6822;Pure Blind;F-NMX6;5;10;Otavite (60.47%);Titanite (9.28%);Zeolites (30.25%);;100%;468,446,836;327,912,785;Alliance owned
6823;Pure Blind;F-NMX6;5;11;Bitumens (28.72%);Sylvite (51.28%);;;80%;85,951,515;60,166,061;
6824;Pure Blind;F-NMX6;5;12;Bitumens (29.51%);Coesite (30.33%);Sylvite (20.17%);;80%;87,939,792;61,557,854;
6825;Pure Blind;F-NMX6;5;13;Coesite (32.26%);Zeolites (47.74%);;;80%;89,407,943;62,585,559;
6826;Pure Blind;F-NMX6;5;14;Bitumens (22.6%);Cobaltite (17.33%);Titanite (43.27%);Zeolites (16.8%);100%;215,704,404;150,993,083;
6827;Pure Blind;F-NMX6;5;15;Sylvite (51.75%);Zeolites (28.25%);;;80%;84,685,612;59,279,928;
6828;Pure Blind;F-NMX6;5;16;Bitumens (30.69%);Coesite (49.31%);;;80%;89,311,252;62,517,877;
6829;Pure Blind;F-NMX6;5;17;Coesite (38.41%);Titanite (21.47%);Vanadinite (10.12%);;70%;158,971,797;111,280,257;
6830;Pure Blind;F-NMX6;5;18;Bitumens (34.3%);Coesite (26.85%);Zeolites (18.86%);;80%;91,277,402;63,894,181;
6831;Pure Blind;F-NMX6;5;19;Coesite (49.3%);Zeolites (30.7%);;;80%;88,030,917;61,621,642;
6832;Pure Blind;F-NMX6;5;20;Coesite (36.91%);Otavite (9.5%);Titanite (23.59%);;70%;176,275,126;123,392,588;
6833;Pure Blind;F-NMX6;5;21;Bitumens (18.36%);Coesite (30.87%);Zeolites (30.77%);;80%;90,287,271;63,201,089;
6834;Pure Blind;F-NMX6;7;1;Otavite (57.76%);Titanite (10.11%);Zeolites (32.13%);;100%;455,023,497;318,516,448;
6835;Pure Blind;F-NMX6;7;2;Bitumens (28.28%);Coesite (33.24%);Zeolites (18.48%);;80%;90,509,559;63,356,692;
6836;Pure Blind;F-NMX6;7;3;Bitumens (48.2%);Coesite (31.8%);;;80%;91,457,325;64,020,127;
6837;Pure Blind;F-NMX6;7;4;Coesite (49.17%);Zeolites (30.83%);;;80%;88,041,260;61,628,882;
6838;Pure Blind;F-NMX6;7;5;Coesite (21.53%);Sylvite (32.93%);Zeolites (25.54%);;80%;85,612,078;59,928,455;
6839;Pure Blind;F-NMX6;7;6;Coesite (32.12%);Zeolites (47.88%);;;80%;89,419,256;62,593,479;
6840;Pure Blind;F-NMX6;7;7;Bitumens (17.38%);Sylvite (34.57%);Zeolites (28.05%);;80%;87,844,976;61,491,482;
6841;Pure Blind;F-NMX6;7;8;Sylvite (45.75%);Zeolites (34.25%);;;80%;85,536,347;59,875,442;
6842;Pure Blind;7RM-N0;3;1;Coesite (27.7%);Zeolites (52.3%);;;80%;89,776,361;62,843,453;
6843;Pure Blind;7RM-N0;4;1;Bitumens (36.11%);Coesite (16.88%);Sylvite (27.01%);;80%;88,332,749;61,832,924;
6844;Pure Blind;7RM-N0;4;2;Bitumens (48.17%);Coesite (31.83%);;;80%;91,453,648;64,017,553;
6845;Pure Blind;7RM-N0;5;1;Bitumens (19.05%);Sylvite (28.38%);Zeolites (32.58%);;80%;88,791,652;62,154,156;
6846;Pure Blind;7RM-N0;5;2;Bitumens (43.96%);Sylvite (36.04%);;;80%;88,747,073;62,122,951;
6847;Pure Blind;7RM-N0;6;1;Bitumens (18.72%);Sylvite (28.71%);Zeolites (32.57%);;80%;88,731,232;62,111,861;
6848;Pure Blind;7RM-N0;7;1;Bitumens (23.56%);Sylvite (56.44%);;;80%;85,005,299;59,503,708;
6849;Pure Blind;7RM-N0;7;2;Bitumens (28.37%);Coesite (16.71%);Sylvite (34.92%);;80%;86,904,246;60,832,972;
6850;Pure Blind;7RM-N0;7;3;Coesite (20.42%);Titanite (32.35%);Zeolites (47.23%);;100%;176,544,561;123,581,194;
6851;Pure Blind;7RM-N0;8;1;Bitumens (28.03%);Sylvite (51.97%);;;80%;85,824,620;60,077,234;
6852;Pure Blind;7RM-N0;8;2;Coesite (29.87%);Sylvite (17.89%);Zeolites (32.24%);;80%;87,067,387;60,947,171;
6853;Pure Blind;7RM-N0;8;3;Bitumens (50.52%);Sylvite (29.49%);;;80%;89,948,365;62,963,856;
6854;Pure Blind;7RM-N0;8;4;Coesite (31.05%);Titanite (28.4%);Zeolites (40.55%);;100%;167,982,028;117,587,419;
6855;Pure Blind;7RM-N0;8;5;Bitumens (27.43%);Sylvite (52.58%);;;80%;85,714,228;59,999,959;
6856;Pure Blind;7RM-N0;8;6;Bitumens (29.54%);Sylvite (50.46%);;;80%;86,101,883;60,271,319;
6857;Pure Blind;7RM-N0;8;7;Sylvite (49.23%);Zeolites (30.77%);;;80%;85,043,071;59,530,150;
6858;Pure Blind;7RM-N0;8;8;Bitumens (20.36%);Coesite (30.73%);Zeolites (28.91%);;80%;90,381,928;63,267,350;
6859;Pure Blind;7RM-N0;8;9;Bitumens (27.91%);Coesite (52.09%);;;80%;88,970,895;62,279,627;
6860;Pure Blind;7RM-N0;8;10;Bitumens (17.18%);Sylvite (34.13%);Zeolites (28.69%);;80%;87,898,597;61,529,019;
6861;Pure Blind;7RM-N0;8;11;Coesite (53.38%);Zeolites (26.62%);;;80%;87,701,045;61,390,732;
6862;Pure Blind;7RM-N0;8;12;Bitumens (26.82%);Coesite (35.71%);Sylvite (17.47%);;80%;87,774,110;61,441,877;
6863;Pure Blind;7RM-N0;8;13;Sperrylite (10.71%);Sylvite (38.24%);Titanite (21.06%);;70%;187,241,576;131,069,103;
6864;Pure Blind;7RM-N0;8;14;Bitumens (32.1%);Sylvite (26.57%);Zeolites (21.33%);;80%;89,592,722;62,714,905;
6865;Pure Blind;7RM-N0;8;15;Bitumens (30.6%);Coesite (18.63%);Sperrylite (30.77%);;80%;295,877,034;207,113,923;
6866;Pure Blind;7RM-N0;8;16;Coesite (32.74%);Sylvite (16.14%);Zeolites (31.12%);;80%;87,082,758;60,957,931;
6867;Pure Blind;7RM-N0;8;17;Bitumens (33.87%);Coesite (27.65%);Sylvite (18.48%);;80%;88,578,315;62,004,820;
6868;Pure Blind;7RM-N0;8;18;Bitumens (29.06%);Sylvite (50.95%);;;80%;86,013,129;60,209,190;
6869;Pure Blind;7RM-N0;8;19;Bitumens (20.94%);Coesite (29.6%);Zeolites (29.46%);;80%;90,497,332;63,348,132;
6870;Pure Blind;7RM-N0;8;20;Bitumens (30.15%);Coesite (32.52%);Sylvite (17.32%);;80%;88,192,345;61,734,642;
6871;Pure Blind;7RM-N0;8;21;Bitumens (17.5%);Coesite (29.69%);Zeolites (32.81%);;80%;90,345,947;63,242,164;
6872;Pure Blind;7RM-N0;8;22;Sylvite (40.87%);Titanite (28.56%);Zeolites (30.58%);;100%;165,002,176;115,501,524;
6873;Pure Blind;7RM-N0;9;1;Bitumens (49.67%);Coesite (30.33%);;;80%;91,638,351;64,146,845;
6874;Pure Blind;7RM-N0;9;2;Cobaltite (16.91%);Sylvite (17.23%);Titanite (44.3%);Zeolites (21.56%);100%;213,976,215;149,783,351;
6875;Pure Blind;7RM-N0;9;3;Sylvite (43.63%);Zeolites (36.37%);;;80%;85,835,740;60,085,018;
6876;Pure Blind;7RM-N0;9;4;Coesite (18.27%);Sylvite (27.62%);Zeolites (34.11%);;80%;86,626,477;60,638,535;
6877;Pure Blind;7RM-N0;9;5;Bitumens (34.06%);Sylvite (27.03%);Zeolites (18.91%);;80%;89,610,241;62,727,169;
6878;Pure Blind;7RM-N0;9;6;Bitumens (34.09%);Sylvite (29.69%);Zeolites (16.22%);;80%;89,234,441;62,464,109;
6879;Pure Blind;7RM-N0;9;7;Bitumens (27.46%);Coesite (19.5%);Sylvite (33.04%);;80%;86,905,973;60,834,181;
6880;Pure Blind;7RM-N0;9;8;Sylvite (32.1%);Zeolites (47.9%);;;80%;87,468,381;61,227,867;
6881;Pure Blind;7RM-N0;9;9;Bitumens (48.54%);Coesite (31.47%);;;80%;91,498,751;64,049,126;
6882;Pure Blind;7RM-N0;9;10;Bitumens (17.71%);Sylvite (34.95%);Zeolites (27.34%);;80%;87,804,353;61,463,048;
6883;Pure Blind;7RM-N0;9;11;Sylvite (32.75%);Zeolites (47.26%);;;80%;87,377,601;61,164,321;
6884;Pure Blind;7RM-N0;9;12;Bitumens (29.09%);Sylvite (32.76%);Zeolites (18.15%);;80%;88,588,664;62,012,065;
6885;Pure Blind;7RM-N0;9;13;Sylvite (26.61%);Zeolites (53.39%);;;80%;88,246,322;61,772,426;
6886;Pure Blind;7RM-N0;9;14;Sylvite (51.37%);Zeolites (28.64%);;;80%;84,740,562;59,318,393;
6887;Pure Blind;7RM-N0;9;15;Coesite (51.47%);Zeolites (28.54%);;;80%;87,856,121;61,499,285;
6888;Pure Blind;7RM-N0;9;16;Bitumens (29.42%);Coesite (50.58%);;;80%;89,155,719;62,409,003;
6889;Pure Blind;7RM-N0;9;17;Bitumens (38.37%);Titanite (20.84%);Vanadinite (10.8%);;70%;165,098,819;115,569,173;
6890;Pure Blind;7RM-N0;9;18;Sylvite (45.2%);Zeolites (34.8%);;;80%;85,614,240;59,929,968;
6891;Pure Blind;7RM-N0;9;19;Bitumens (26.66%);Sylvite (35.61%);Zeolites (17.73%);;80%;88,084,655;61,659,259;
6892;Pure Blind;7RM-N0;9;20;Coesite (27.61%);Zeolites (52.39%);;;80%;89,784,039;62,848,826;
6893;Pure Blind;7RM-N0;9;21;Bitumens (31%);Coesite (30.87%);Sylvite (18.13%);;80%;88,246,714;61,772,700;
6894;Pure Blind;7RM-N0;10;1;Bitumens (25.62%);Sylvite (54.38%);;;80%;85,383,419;59,768,393;
6895;Pure Blind;GA-P6C;3;1;Bitumens (31.21%);Coesite (48.79%);;;80%;89,374,985;62,562,489;
6896;Pure Blind;GA-P6C;4;1;Sylvite (29.78%);Zeolites (50.22%);;;80%;87,797,941;61,458,558;
6897;Pure Blind;GA-P6C;4;2;Bitumens (25.5%);Coesite (23.81%);Sylvite (21.16%);Titanite (29.54%);100%;168,853,778;118,197,644;
6898;Pure Blind;GA-P6C;4;3;Coesite (48.1%);Zeolites (31.9%);;;80%;88,128,375;61,689,862;
6899;Pure Blind;GA-P6C;4;4;Bitumens (28.84%);Coesite (32.84%);Sylvite (18.32%);;80%;87,970,667;61,579,467;
6900;Pure Blind;GA-P6C;4;5;Bitumens (23.98%);Coesite (28.18%);Zeolites (27.84%);;80%;90,739,218;63,517,453;
6901;Pure Blind;GA-P6C;4;6;Bitumens (36.26%);Coesite (43.74%);;;80%;89,994,538;62,996,178;
6902;Pure Blind;GA-P6C;4;7;Scheelite (20.38%);Sylvite (23.33%);Titanite (40.12%);Zeolites (16.17%);100%;216,989,600;151,892,720;
6903;Pure Blind;GA-P6C;4;8;Bitumens (27.48%);Coesite (21.2%);Sylvite (31.32%);;80%;87,011,982;60,908,387;
6904;Pure Blind;GA-P6C;4;9;Coesite (32.88%);Sylvite (17.17%);Zeolites (29.96%);;80%;86,926,863;60,848,803;
6905;Pure Blind;GA-P6C;4;10;Sylvite (52.57%);Zeolites (27.43%);;;80%;84,569,479;59,198,636;
6906;Pure Blind;GA-P6C;4;11;Sylvite (49.86%);Zeolites (30.15%);;;80%;84,954,414;59,468,090;
6907;Pure Blind;GA-P6C;4;12;Sylvite (37.84%);Titanite (22.09%);Vanadinite (10.08%);;70%;157,753,805;110,427,663;Reserved
6908;Pure Blind;GA-P6C;4;13;Bitumens (27.09%);Coesite (34.57%);Sylvite (18.34%);;80%;87,754,601;61,428,221;
6909;Pure Blind;GA-P6C;4;14;Bitumens (29.78%);Sylvite (50.22%);;;80%;86,146,076;60,302,254;
6910;Pure Blind;GA-P6C;5;1;Coesite (20.35%);Sylvite (28.23%);Zeolites (31.42%);;80%;86,373,348;60,461,343;
6911;Pure Blind;GA-P6C;5;2;Bitumens (55.37%);Sylvite (24.63%);;;80%;90,839,386;63,587,570;
6912;Pure Blind;GA-P6C;6;1;Bitumens (20.88%);Sylvite (55.68%);Titanite (23.44%);;100%;153,789,681;107,652,776;
6913;Pure Blind;GA-P6C;6;2;Bitumens (29.68%);Coesite (29.11%);Zeolites (21.22%);;80%;90,902,038;63,631,426;
6914;Pure Blind;GA-P6C;6;3;Bitumens (53.75%);Sylvite (26.25%);;;80%;90,541,767;63,379,237;
6915;Pure Blind;GA-P6C;7;1;Bitumens (31.08%);Coesite (48.92%);;;80%;89,359,051;62,551,336;
6916;Pure Blind;GA-P6C;7;2;Coesite (16.24%);Sperrylite (66.27%);Zeolites (17.49%);;100%;553,270,868;387,289,607;Reserved
6917;Pure Blind;GA-P6C;7;3;Bitumens (48.79%);Coesite (31.21%);;;80%;91,530,250;64,071,175;
6918;Pure Blind;GA-P6C;7;4;Sylvite (48.89%);Zeolites (31.11%);;;80%;85,091,364;59,563,955;
6919;Pure Blind;GA-P6C;7;5;Coesite (30.43%);Euxenite (10.2%);Pollucite (17.46%);Sylvite (41.91%);100%;304,492,428;213,144,700;Alliance owned
6920;Pure Blind;GA-P6C;7;6;Coesite (36.52%);Zeolites (43.48%);;;80%;89,063,928;62,344,750;
6921;Pure Blind;GA-P6C;7;7;Coesite (38.58%);Sperrylite (11.54%);Titanite (19.89%);;70%;192,759,264;134,931,485;
6922;Pure Blind;GA-P6C;7;8;Bitumens (50.88%);Coesite (29.12%);;;80%;91,786,406;64,250,484;
6923;Pure Blind;GA-P6C;7;9;Bitumens (30.13%);Coesite (49.87%);;;80%;89,242,494;62,469,746;
6924;Pure Blind;GA-P6C;7;10;Bitumens (27.43%);Cobaltite (10.05%);Pollucite (17.38%);Sperrylite (45.14%);100%;608,828,720;426,180,103;Alliance owned
6925;Pure Blind;GA-P6C;7;11;Bitumens (27.21%);Coesite (32.41%);Zeolites (20.39%);;80%;90,531,950;63,372,366;
6926;Pure Blind;GA-P6C;7;12;Bitumens (20.92%);Coesite (33.66%);Zeolites (25.42%);;80%;90,168,774;63,118,142;
6927;Pure Blind;GA-P6C;7;13;Bitumens (45.4%);Sylvite (34.6%);;;80%;89,010,217;62,307,152;
6928;Pure Blind;GA-P6C;7;14;Sylvite (47.91%);Zeolites (32.09%);;;80%;85,229,731;59,660,812;
6929;Pure Blind;GA-P6C;7;15;Bitumens (31.52%);Coesite (27.16%);Sylvite (21.32%);;80%;88,117,279;61,682,094;
6930;Pure Blind;GA-P6C;7;16;Bitumens (30.32%);Sylvite (28.96%);Zeolites (20.72%);;80%;89,179,040;62,425,328;
6931;Pure Blind;GA-P6C;7;17;Bitumens (21.87%);Sylvite (39.25%);Titanite (38.88%);;100%;186,303,849;130,412,695;
6932;Pure Blind;GA-P6C;7;18;Bitumens (52.18%);Sylvite (27.82%);;;80%;90,253,318;63,177,323;
6933;Pure Blind;GA-P6C;7;19;Bitumens (19.46%);Sylvite (28.84%);Zeolites (31.71%);;80%;88,743,706;62,120,594;
6934;Pure Blind;GA-P6C;7;20;Coesite (20.78%);Sylvite (28.81%);Zeolites (30.41%);;80%;86,255,874;60,379,112;
6935;Pure Blind;GA-P6C;7;21;Bitumens (49.13%);Sylvite (30.88%);;;80%;89,693,473;62,785,431;
6936;Pure Blind;GA-P6C;7;22;Bitumens (46.88%);Sylvite (33.12%);;;80%;89,281,062;62,496,743;
6937;Pure Blind;GA-P6C;7;23;Coesite (19.68%);Sylvite (50.22%);Titanite (30.1%);;100%;165,100,268;115,570,188;
6938;Pure Blind;GA-P6C;7;24;Bitumens (19.43%);Sylvite (25.1%);Zeolites (35.47%);;80%;89,271,361;62,489,953;
6939;Pure Blind;GA-P6C;8;1;Bitumens (28.97%);Sylvite (34.71%);Zeolites (16.33%);;80%;88,309,329;61,816,530;
6940;Pure Blind;GA-P6C;8;2;Bitumens (23.1%);Coesite (18.17%);Titanite (40.67%);Zeolites (18.06%);100%;193,941,916;135,759,341;
6941;Pure Blind;GA-P6C;8;3;Coesite (25.83%);Titanite (12.13%);Vanadinite (25.36%);Zeolites (36.69%);100%;235,923,731;165,146,611;Reserved
6942;Pure Blind;GA-P6C;8;4;Chromite (28.94%);Sylvite (17.81%);Zeolites (33.25%);;80%;243,243,824;170,270,676;Reserved
